"CPI_season","CPI_food_season","CPI_health_season","CPI_trans_season","Commodity_imputed_season","Consumption_imputed_season","Import_season","Export_season","M0_season","M1_season"
0.582840743185755,1.01769688475789,0.494525887249951,1.00240629193152,NA,1.10963457198872,0.892691433655755,0.828749289055037,0.994756574558891,1.03868514269714
0.666211252965985,1.01852558146167,0.920255703753483,1.00370027581873,NA,1.02193806225218,0.911650780059133,0.936784052030564,1.00979607065459,0.985663804543893
0.690979837001417,1.02299542143244,0.247678435791944,1.00185018377688,NA,0.952217491997566,1.01751195897298,1.05659581356834,1.0023109977497,0.98869199911893
0.64054236812288,1.0167152331852,0.375885386315942,1.00333855586778,NA,0.926353347076407,1.07132419066173,1.02656896465419,1.03232392254371,0.98852657710539
0.0410892065035751,1.00505839499521,0.207226127269563,1.00235135664467,NA,0.952545210628853,0.93600199487729,0.947544742331251,0.982027237241974,0.982332547328281
-0.476802267203423,0.986039688713174,0.0165961710553417,0.999718566956545,NA,0.941984416235037,1.0107463340314,0.984954338360557,0.969025723578666,1.00421328429358
-0.853130763199665,0.977995182092724,-0.221621582293884,1.00043148679767,NA,0.916887190255123,1.03840937888551,1.02654203225148,0.975533409293505,0.9879294601344
-0.792156323207129,0.985952042189507,-0.242694723934932,0.997685629186389,NA,0.922761400406711,1.04724773180866,1.04456314746762,0.987131414046468,0.995449301414402
-0.155714788940198,0.991229694979599,-0.321230460237451,0.995710894626638,NA,0.993276148660559,1.07366710528005,1.07416909366407,1.01682642129347,1.01073176690714
-0.215939990820857,0.988751875666303,-0.364922425070364,0.997200618423947,NA,1.04969305343499,0.919451632080654,1.02024449106209,0.988989170519162,0.994239657041811
-0.0689191473712998,0.99081064054049,-0.364679369469945,0.997932913405812,NA,1.0649270790986,1.02277862657183,1.02714457560347,1.00062555568742,0.993553089757604
-0.0548428865055451,0.998152215173606,-0.730687230096012,0.997575721670359,NA,1.1479834993531,1.05135179838549,1.02671357975239,1.0404305847146,1.03008439950217
0.573446061847607,1.01739017945019,0.474013976722305,1.00251195201311,NA,1.11020505101611,0.900032347235689,0.82906027285153,0.994748132670045,1.03839171414148
0.66177707758212,1.01876299268063,0.89622045989682,1.00381316997586,NA,1.02082757350358,0.91442705407819,0.938275500211899,1.01023914018169,0.985487166679437
0.689116579049344,1.02290933094211,0.226466651642078,1.00190237848978,NA,0.951682700519351,1.01863792659472,1.05156436622381,1.00260798902794,0.989562638154257
0.635095688379128,1.01711360930177,0.378754299146379,1.00333870708411,NA,0.924871358942554,1.0714497653002,1.02734621853912,1.03204519281736,0.987784736531421
0.0514871727472452,1.00498124267084,0.242224546132797,1.00217852045889,NA,0.953909454446284,0.936022296226902,0.948726505743496,0.98204326251364,0.982801047374326
-0.476863486967965,0.986014888382449,0.0545052330539192,0.999611631604751,NA,0.941915449450067,1.00986574033094,0.987405008190292,0.969021639013665,1.00425346770937
-0.841893467520075,0.978134414063388,-0.197506798827964,1.00028295634514,NA,0.917933112543509,1.03842399011462,1.02690609936548,0.975623188519116,0.988176631297028
-0.769707006198952,0.986185793208523,-0.235742503026844,0.997829561718534,NA,0.92332257476005,1.03815515096492,1.03949080792816,0.98629818604174,0.995088223555589
-0.142817022129376,0.991505906472646,-0.345114879774465,0.995820120975668,NA,0.995325494682716,1.07297752224845,1.07454577413856,1.01670389845802,1.00965246025506
-0.224021373223761,0.988710607799328,-0.389151451753071,0.997152973878783,NA,1.05118230057103,0.919368181025731,1.01856629240743,0.989328134502517,0.994690276648533
-0.0914445665231186,0.99012865976983,-0.373940595742939,0.997876933147485,NA,1.0625695576737,1.02232525764284,1.03159434024276,1.00015309014768,0.994184923713548
-0.0709895018105026,0.997591258926873,-0.731006386098241,0.997641049209042,NA,1.1468069873223,1.04943660256513,1.0301160654618,1.04101241351761,1.03034081709364
0.55643773666277,1.01694020651175,0.455872276279646,1.0027314733596,NA,1.10957397032294,0.912616635320546,0.829780554682278,0.994811367582927,1.037764344192
0.656954634126682,1.01892515975037,0.860123191142666,1.00398665606549,NA,1.0188221143878,0.914794792463785,0.939364440485277,1.01088914400093,0.985075158981297
0.684882969953976,1.02317203058308,0.213323011983689,1.0018359882312,NA,0.951409716509375,1.02150889243629,1.04303362437134,1.00312532911088,0.991182209111128
0.623363803776902,1.01756311663363,0.386999690719649,1.00325493419932,NA,0.923480018380261,1.07406516676842,1.02859020991408,1.03146717049313,0.986349218932169
0.0711635778580229,1.00496802613741,0.286673270748816,1.00187167392876,NA,0.954674476769956,0.933765500148481,0.948111870668976,0.981834637070292,0.983435455142556
-0.475106125163987,0.986150772362315,0.109002275228749,0.999390274375275,NA,0.943161408217769,1.00860151980235,0.991447422488562,0.969119526421997,1.00444220161246
-0.792637069131661,0.979174805446078,-0.171485630449263,1.00001790116184,NA,0.920420003775294,1.03710935602838,1.028772487357,0.975906992865304,0.988474302314895
-0.724117084344662,0.986323904089675,-0.224870945470225,0.998226902980814,NA,0.924450830065161,1.02490205344758,1.03273728978891,0.984984215323443,0.99466609229785
-0.135156879790155,0.99169484329125,-0.377179064413264,0.996019014501306,NA,0.999337178159242,1.07424178288727,1.07509107957584,1.01633263890272,1.00745920443557
-0.238305775246515,0.988917194585897,-0.423105213078498,0.997196173686254,NA,1.05301339059383,0.919876511023441,1.01421921854987,0.98957578461867,0.995663208380593
-0.144540060431248,0.988651699437386,-0.396740603409158,0.997917840179205,NA,1.05733555622573,1.01961185011797,1.03801546311715,0.999271700495866,0.99574166263024
-0.099753983826327,0.996431732979341,-0.723003922932277,0.997898915994447,NA,1.14445038731133,1.04832211431857,1.03758221422581,1.04232416212755,1.03104995448931
0.532169232915064,1.01630797120368,0.442218308271089,1.00279955670126,NA,1.10677564151215,0.928820707149112,0.829358430144098,0.995777106220124,1.03613535611928
0.657638018882387,1.01956372070663,0.81741695289309,1.00410581606571,NA,1.01663466200433,0.912613881764468,0.938527510682063,1.01181618149536,0.984911006908991
0.677105354756239,1.02331143940826,0.230046274135704,1.00160321246258,NA,0.952872134426485,1.02645105464022,1.03651681165174,1.0029878427772,0.992544618690039
0.583510011395031,1.01735507127662,0.377796665517528,1.00287690225227,NA,0.922679235627744,1.07447723557991,1.02602172299693,1.0303425109125,0.984677324159255
0.097742508579578,1.00500717673832,0.3224219132366,1.0013976101681,NA,0.954593313252098,0.930279629178046,0.945225512402935,0.981752781233193,0.984757115337772
-0.444582172539972,0.987385393025906,0.149375988802578,0.999193957498218,NA,0.945586101753767,1.00839002822461,0.997881317261992,0.969444271878957,1.00412195052588
-0.72373715549899,0.980543424503965,-0.139277110530604,0.999854662461873,NA,0.924726698642483,1.03388385811326,1.02917095653274,0.975914399691553,0.988917152819987
-0.653664151581351,0.986769360235528,-0.22886160517295,0.998777774716124,NA,0.926695113769726,1.01501513570522,1.03078584943428,0.983267213271117,0.994415303520479
-0.119723619690015,0.992303262135193,-0.395331388247469,0.996466837924224,NA,1.00379912775268,1.07695211810459,1.07519266583522,1.01640322530233,1.0048472349841
-0.270906175884861,0.988359865846745,-0.458379163934977,0.997366713091475,NA,1.0536541742127,0.920727722764813,1.00969595891612,0.989425316275324,0.99652371092045
-0.224006614382298,0.986535125561866,-0.418908291848018,0.998139448274564,NA,1.04911949449703,1.01845599935549,1.04704724482079,0.998084055521856,0.998573129957643
-0.139496113309317,0.994985947360372,-0.689669583731167,0.998479786878244,NA,1.1403597672239,1.04462044021369,1.04370511647797,1.04436373198184,1.03106835789866
0.509531058727522,1.01606323820236,0.435114651303231,1.00273026345997,NA,1.10364792605492,0.945467562227763,0.82965081695733,0.997953872458688,1.03418567179337
0.659635920692277,1.02000524367235,0.807211318656977,1.00365394831396,NA,1.01547909247675,0.907735207317216,0.933428341313443,1.01281398483145,0.984990292721675
0.674330521547397,1.02375399754082,0.267403427952696,1.00117659182632,NA,0.953849351217321,1.03106118684032,1.02942217956889,1.00197162730242,0.993879161103442
0.534390376136594,1.0168249584063,0.341236572254894,1.00230339048904,NA,0.924288780375134,1.07162971101226,1.02099999105099,1.02830333451037,0.9825794669368
0.109968968558919,1.00491076445893,0.30004369925329,1.00076785261702,NA,0.955529820744817,0.928354134167673,0.943243181533435,0.981576001829557,0.985540995242279
-0.407315908694626,0.988617073817403,0.131890184952604,0.999036263234244,NA,0.949108169433446,1.00568173212665,1.00488738186507,0.970074347605034,1.00446425903962
-0.620932499859937,0.982758299521894,-0.125431030593626,0.999831796317122,NA,0.92912355156894,1.03275573214171,1.0302920968803,0.976253754941246,0.989497790427558
-0.570340890757569,0.987485133469462,-0.216929639415065,0.999535749666603,NA,0.929706026194009,1.01296463216265,1.0340051199536,0.981828261919389,0.99486688339592
-0.112082317229707,0.992630601217462,-0.364392641702076,0.997221111976466,NA,1.00561282667254,1.08026236354292,1.07426279791093,1.01647115129358,1.00224600328825
-0.321833379579683,0.987371388090007,-0.439622650256956,0.997566375072183,NA,1.05345451671685,0.923901337276393,1.0079333418202,0.98866656062657,0.99734152369666
-0.304174534542349,0.984452611865518,-0.424134212327872,0.998728659421368,NA,1.04048966873175,1.01854231329604,1.05502231483271,0.99728373793019,1.00113039659177
-0.18157543995178,0.993661130423197,-0.634459306500631,0.999363984323522,NA,1.13441388544811,1.03668415838378,1.04731234691574,1.04636971977823,1.03051883483044
0.488247621259419,1.01559134645742,0.395063392409304,1.00243020063097,NA,1.10056420235075,0.954283476398573,0.831772027557392,1.00063976981197,1.03197619141615
0.665381304999672,1.02051649786024,0.791549727703517,1.00256298527183,NA,1.01643620450388,0.904760426994765,0.923035980325305,1.01377545143598,0.985447796550266
0.673943490160708,1.02418231630608,0.290016102840231,1.00045373457971,NA,0.954078087765401,1.03218058755595,1.0236308105902,1.00055335131167,0.993798371530648
0.478976703546533,1.01608778600948,0.272460021804544,1.00145634304372,NA,0.926352609496973,1.0611199400845,1.00969908298072,1.0254210215219,0.981739800896084
0.0974450187469561,1.0044099219683,0.249438096200685,1.00011101653634,NA,0.960625303901281,0.929663035663306,0.942445518667301,0.981507606212641,0.987018370435665
-0.352774377810283,0.990348848868721,0.0983609556309541,0.998858926648449,NA,0.951390781078747,1.00434978559264,1.0122225616097,0.971213990685109,1.00423317572281
-0.515217703621462,0.985147754797492,-0.0916152679215074,1.00023213647009,NA,0.93300855411808,1.03648578701449,1.03284071932585,0.97673628204316,0.990350791697261
-0.488050929264845,0.98850262313904,-0.198289892120914,1.00040564698082,NA,0.933594895200996,1.02323826485341,1.04491516147759,0.981019755848598,0.996493429103844
-0.0976244289162211,0.993010585718123,-0.306227050801716,0.998335353553848,NA,1.00397230729068,1.08513531355784,1.07585486474912,1.01661943382945,1.00008620518122
-0.364483550715748,0.985828093508963,-0.382682274721107,0.997886265177123,NA,1.05309345286315,0.927308364955086,1.00729991599689,0.987634789478599,0.997059350073178
-0.377566683423256,0.982592442228988,-0.403506254588074,0.999447620404479,NA,1.03213349399818,1.02030018785764,1.06131708287675,0.995840523670893,1.00332664721829
-0.235605415917999,0.992478721960724,-0.577871116522922,1.00037765628439,NA,1.12665434435191,1.02369392260068,1.04690590098045,1.04857298444658,1.02906751312177
0.471297751988097,1.0154737345911,0.316379385913771,1.00198118647334,NA,1.10030331728928,0.952665362345901,0.835738310978597,1.00310935732101,1.02945152866097
0.665419327787966,1.02044451800269,0.750760086942733,1.00070528937316,NA,1.0189633533941,0.896972684320772,0.906580766380526,1.01455879660166,0.985542112200819
0.679030844314276,1.02497030020532,0.283657441861694,0.999562854359939,NA,0.951003862799539,1.02921456039312,1.01589038133048,0.999687256056076,0.993625329548353
0.44455064585683,1.01539494125861,0.220486574354172,1.00064843560436,NA,0.929057624943777,1.05235779540142,0.999359471024379,1.02202640930228,0.98240262834068
0.0688519743389926,1.00392725029402,0.19176750509056,0.999551434308874,NA,0.968223851661382,0.934554480700276,0.943460343184873,0.981335360135803,0.987739930824338
-0.316500009598688,0.991332007153844,0.0787230168474349,0.998788967004084,NA,0.953226025896297,1.00735511004683,1.0170074356715,0.972587436202425,1.00509416795236
-0.415173141816197,0.987544544540269,-0.0671337696274601,1.00094378547602,NA,0.935819477942938,1.04657490534879,1.04064879297003,0.977710127824268,0.99161233864362
-0.418286290756161,0.98944111457181,-0.151329262144061,1.00126935572851,NA,0.936846298310427,1.03570417630427,1.05583659706006,0.980668192986651,0.998658536656886
-0.097386280544117,0.992941298432793,-0.254031461716338,0.999506849755891,NA,1.00146714684125,1.09139935843725,1.0802074360958,1.01682825434952,0.997856210458267
-0.399099688008606,0.984514658433421,-0.303544755000979,0.998210283620377,NA,1.05484662681983,0.929058219109173,1.00891292220983,0.986267159333667,0.996459616332551
-0.43343318803478,0.981234093784865,-0.372406544602295,1.00020563313875,NA,1.02539145414585,1.01539124047285,1.06007074408588,0.994720575640118,1.00385467794518
-0.261329711122318,0.992067520150001,-0.543376509220921,1.00120404602479,NA,1.11825496916725,1.01334298122538,1.04588112373409,1.04956989102024,1.02783352506199
0.463758714977245,1.01560375099906,0.230745260280813,1.00136025397209,NA,1.0986607457389,0.942771779554461,0.842477481189115,1.00496373099452,1.02610129392975
0.659559732038936,1.02020620978651,0.676270640664491,0.998706034758134,NA,1.02253181288052,0.891194683335849,0.886910976276164,1.01544370216845,0.98582032468682
0.675973109832551,1.02530442380808,0.266407888765001,0.99867237236305,NA,0.947587620830732,1.02687110076575,1.01051571975373,0.999198585943188,0.993024820891865
0.433207784494537,1.0150116827218,0.192496552998346,0.999968193423434,NA,0.930141200472259,1.04471207347275,0.988415179166105,1.01931434076325,0.984857727019855
0.047643610230636,1.00370824767636,0.149513550212654,0.999301989465666,NA,0.975707243880957,0.944832882277717,0.948754523334461,0.981650899721004,0.989421428701057
-0.299957255882051,0.991822565782884,0.0847563212088054,0.998938667318776,NA,0.954785712085829,1.01213441673052,1.01768511594176,0.973813028776613,1.00542616392056
-0.368399076796949,0.988547462598645,-0.0412282255585807,1.00174662709099,NA,0.938446478494759,1.05593135519658,1.0530336106861,0.978625231093087,0.993304803039964
-0.369400681686179,0.990247990326161,-0.119844914282029,1.00193548688342,NA,0.939864462958625,1.04538993234319,1.06279966740837,0.980459606512377,1.00023989307565
-0.0919723785234553,0.992841422929896,-0.222535505967033,1.00050780530258,NA,1.00013188449964,1.09860904663982,1.08608236869603,1.01649078319344,0.994752178429233
-0.417413975817642,0.983853410791038,-0.241142522311375,0.998557443618637,NA,1.05644763771489,0.923300150100253,1.0078926013923,0.985544856649677,0.99607363361349
-0.471271354956017,0.980505332855213,-0.34239943267122,1.00061652302435,NA,1.01950320543929,1.00774650902867,1.05695908691033,0.993146250793297,1.00426112016466
-0.250194686684864,0.992500404291146,-0.504820207409428,1.00163028139788,NA,1.11135746046918,1.0069572318003,1.04393786146243,1.04954470368841,1.02671881674353
0.462770639125372,1.01592342505833,0.173934336769325,1.00073652366259,NA,1.09724000521398,0.935340677846748,0.852107951891054,1.0065302460321,1.02223957218107
0.640546555077549,1.01982110476053,0.600892801890038,0.996776283189111,NA,1.02721950250671,0.887653104684587,0.866393657264778,1.01693137164588,0.985827579823891
0.684402162087217,1.02565955835494,0.24086408320032,0.998137999250128,NA,0.94263808320242,1.02788264705276,1.00634216903959,0.999074014669682,0.993429416324211
0.434560338122988,1.01439904531158,0.185999595466249,0.999855531719643,NA,0.930353540305175,1.04119700545722,0.982499060957427,1.01733392507978,0.987809327585169
0.0200741484230194,1.00317722466494,0.129454018913605,0.999430520753598,NA,0.980326091244661,0.959891712521802,0.958318679570136,0.98225776526792,0.990719482567678
-0.314783192964329,0.991250888519506,0.0778761739993596,0.999238244956877,NA,0.957072827359279,1.01270815948268,1.0157662346627,0.97443006827124,1.00663503959956
-0.353015483491745,0.988800051029502,-0.046070777885031,1.00225853252188,NA,0.940349526166973,1.05993955556097,1.06638368362242,0.979621815487617,0.994509953460828
-0.343129099424259,0.990979619087486,-0.103019102143378,1.00232103932075,NA,0.942342541087779,1.0460760179818,1.06225791442489,0.980518788735609,1.00068821658542
-0.0913142719262013,0.992943223403389,-0.211442492589001,1.00121117723819,NA,1.00116384488362,1.09712857438593,1.08694903872178,1.01512823751668,0.990770940211197
-0.41306064524135,0.984319206947608,-0.189668446158333,0.998754711996633,NA,1.05681631132298,0.917322634197645,1.00541682241977,0.985292063999374,0.996398019046944
-0.48068114745192,0.980645604889508,-0.28429859241762,1.00064900031069,NA,1.01532117142411,1.00326800015978,1.05336911371625,0.99236725465035,1.00433429647408
-0.216960695435631,0.993458837105508,-0.441062094728367,1.00142632004139,NA,1.10673339734879,1.00827797239929,1.04392876972536,1.04758412918705,1.02694967905712
0.459444638644153,1.01569408146663,0.148319225868857,1.00026099875224,NA,1.09447574023632,0.930464328365282,0.863745551253289,1.00779859998838,1.01908927311466
0.620497325775346,1.01939091293138,0.545597472502611,0.995558932981316,NA,1.03396917209329,0.892333539290603,0.851244376835062,1.01905257885065,0.98491399338906
0.692488377251906,1.02542430482302,0.188751315363895,0.997999544179269,NA,0.937557171635613,1.03596367758216,1.00352014927223,0.999962801358638,0.9943669344211
0.452537034954795,1.01416045182253,0.146015617363406,1.00010098473823,NA,0.928680010433457,1.0340624465422,0.977235699803463,1.01605311684497,0.990573263732988
0.00498723854026601,1.00259600938686,0.111410166319103,0.999868731443964,NA,0.983627071600635,0.976382930811602,0.972734731927104,0.982738324241622,0.99262940734235
-0.358987080126601,0.990012489169317,0.0516193205306098,0.999539112078618,NA,0.959382269026041,1.01021547110274,1.0168505792556,0.975075295189271,1.00753772038164
-0.383929878304128,0.988063338098467,-0.0591962699435709,1.00247935648914,NA,0.941176014395271,1.0536001880974,1.07252522266935,0.980122009381558,0.994796631819263
-0.330500254629899,0.99186191246457,-0.0981931229158022,1.00241163927102,NA,0.944427177948617,1.03962250707606,1.05550699909929,0.980236197980323,0.999813800818098
-0.0802201123805032,0.993502755232648,-0.176566785494995,1.00162677460776,NA,1.00292229762732,1.08876664403047,1.08359409227078,1.01320012304768,0.986950360890727
-0.377941838834613,0.985660132757207,-0.142129321468951,0.999105165343844,NA,1.05396946699338,0.91235611182484,0.998474973537759,0.985574437926564,0.997027666121029
-0.480133654904183,0.981363406185373,-0.188724217365982,1.00020305941789,NA,1.01130749898371,1.00496076895126,1.05092902220768,0.991399765603026,1.00493546603571
-0.176382389196717,0.99475789244852,-0.355270410357023,1.00069347181933,NA,1.1034925133783,1.01702159153804,1.04940173176839,1.04502398166451,1.02847537824773
0.459913263234649,1.01508367626816,0.122456603469599,0.999904481664067,1479.9394076754,1.09466344227627,0.934633783147124,0.877240777442587,1.00904646870201,1.01631732231006
0.606114294635497,1.01892782106507,0.479791303947235,0.994950700776201,3290.47970049708,1.04510826523717,0.892939456861191,0.841433662952836,1.02177697829467,0.983064362111196
0.691031312110182,1.02482620093265,0.109440745003,0.998290031658296,-1470.13531692981,0.932614954674475,1.04957644325413,1.00213871222074,1.00130331125022,0.996616315033419
0.467169872125435,1.01335253742912,0.100009006208758,1.00062122447018,-1071.47966382457,0.926185430928199,1.03037983564835,0.978891402375194,1.01535100231159,0.992322215371092
-0.0189407864671072,1.00147573812556,0.0894591152911418,1.00029188789818,-506.049834989463,0.984630899129981,0.987392304019059,0.984465039209565,0.983265280826309,0.993686059154263
-0.403129368619862,0.988945442392709,0.00830198630732392,0.999888707576699,-871.72704870062,0.96083088911571,1.00447247367448,1.0153281672913,0.975442646553296,1.00869611060596
-0.427457131213393,0.987175865447982,-0.0698074644948316,1.00240515933126,-1167.70958764462,0.939672770093841,1.0410183797033,1.06981605003282,0.980067809393836,0.994179269000253
-0.331410511195315,0.992601063050986,-0.0925875597765973,1.00231881958109,-1077.729787232,0.944704416991898,1.02565909595942,1.04729591752771,0.979940038454897,0.998184465294727
-0.0627046270792927,0.994846418392132,-0.1294668564221,1.00195934743583,-154.416942037732,1.00545678006921,1.07369850916972,1.07282102639681,1.01132095418329,0.983978800932277
-0.326395689495126,0.987416326229358,-0.0726847359681285,0.999452465189508,317.257004382054,1.04888279289921,0.913257780890486,0.993959349085168,0.985330770045875,0.997951191250366
-0.470465720378184,0.982586704952178,-0.073101879186228,0.999542908690073,-120.598124930609,1.00853241476357,1.00867513184981,1.05152515698734,0.991130808405376,1.00612971831764
-0.138608760863477,0.995879848460183,-0.271480968979797,0.999813719536969,1199.93123783955,1.10072199978743,1.03430984586248,1.06153227394145,1.04149106141178,1.03074040682912
0.459038464490331,1.01423926617326,0.0667657259137851,0.999562711636453,1708.78693574947,1.098819767033,0.946134276661083,0.891680103339916,1.01029622853238,1.01432753427366
0.609771740224587,1.01845264624134,0.411378141463345,0.99492454251975,3397.67048487533,1.05963180783325,0.897438191582803,0.83570412728786,1.02555679787318,0.981026173097709
0.667960425133338,1.02329682607227,0.0365416359910293,0.998653273191123,-1513.98315949134,0.928801670523421,1.06225716545894,0.999102205797821,1.00217564668512,0.998883590835656
0.473145597070004,1.01277846075518,0.0569754513299734,1.00088586758506,-1172.9117995862,0.922347190947587,1.0239923477489,0.980960318027519,1.01473130015415,0.992320252818446
-0.0323291416487368,1.00051185511897,0.0465799875816464,1.00061627158733,-532.061386866853,0.983169247896328,0.991681395603427,0.995678539367764,0.984483329417922,0.994321956978833
-0.436430805779316,0.988276865650167,-0.0293379921383849,1.00034199743191,-889.544972146218,0.961068137021198,0.993121728433578,1.01109005919571,0.975715665073419,1.00982623633037
-0.479102142501562,0.986043599591513,-0.0727891585186852,1.00232471551413,-1233.80816353025,0.936815784736967,1.02330938211211,1.0613193029596,0.979457662625989,0.993313202560236
-0.343314551907388,0.993141122203668,-0.0743299743375477,1.00218479449221,-1167.53440557388,0.942634820808047,1.01105549010947,1.04018443482853,0.980108797248438,0.996456824129958
-0.0378425082446556,0.996244329296072,-0.0572522607357919,1.00220445477187,-142.925050570588,1.00769241815012,1.06357579391205,1.05997100636015,1.00927957037775,0.982568580708983
-0.271286887144109,0.98919959716515,-0.00776262322823879,0.999971574511529,318.565249491219,1.0440663990755,0.920211267422521,0.9917043208434,0.984766607865662,0.998665770388541
-0.458051322576573,0.98416127824364,-0.00838730676177564,0.998919392109948,-147.405284609162,1.00636712821338,1.01351800897351,1.05371500676748,0.991028271024784,1.00768291071759
-0.103535745705466,0.997091769397421,-0.217824044014843,0.999139106895671,1241.55073156999,1.09776845024783,1.05748708642036,1.07636690462471,1.03772274067657,1.03275525879384
0.462511878138726,1.0131566655234,0.0109629222346129,0.999138387154011,2037.3325835068,1.10713917415125,0.961803675695824,0.909194631811983,1.01111469989623,1.01285338667894
0.623983191599867,1.01812917006016,0.338763275188685,0.994931045296966,3592.73813547249,1.07590406924602,0.896933195534988,0.83356354856118,1.02972445429953,0.979996886505489
0.630655692644181,1.02150098041402,0.00556326827516192,0.998859956009482,-1566.03586136749,0.926204275705262,1.06445306097035,0.993108700726478,1.00264240465891,1.00034471105977
0.448487498050935,1.01187070845177,0.0577798133728733,1.00093843036074,-1395.11168417464,0.9179535808505,1.01859961799434,0.981611262978887,1.0143891530356,0.990587760620227
-0.0721568965559001,0.998937729467384,0.0123325364920351,1.0007493871573,-619.150088851634,0.978447784716634,0.988580166602672,1.00008735980767,0.986057849736929,0.993900153126117
-0.434830184316246,0.988468984764497,-0.056468903675593,1.00088240907266,-955.09500405946,0.959723973226052,0.981176396560254,1.0030620327851,0.975785003366065,1.01118876152208
-0.485927835751735,0.986027650701395,-0.0585986316878626,1.00231949499182,-1351.13415543045,0.933464891896286,1.01285246896614,1.05106595323252,0.9790084401274,0.992307733714872
-0.36034539249704,0.993020906112753,-0.0700547135406374,1.00203393752367,-1301.99474198725,0.939952516453341,0.999103291656344,1.03757747749233,0.980982733281524,0.996101970049179
-0.00612552114751017,0.997934831636302,-0.0290469243204438,1.00234352483767,-104.890177453268,1.00842316279594,1.05456741060578,1.05005889101006,1.00747091320798,0.9827138615659
-0.227571275654215,0.990496167239007,0.0442801469074323,1.00035605003644,353.696169303367,1.04176070400317,0.933567378310898,0.994508948006176,0.983771576151115,0.999090912632635
-0.444894822686984,0.985544567015582,-0.0166834731970575,0.998687139472674,-62.8213875933162,1.00762760595996,1.02188714083544,1.05878071474148,0.991013994105726,1.00925824408892
-0.1071617305195,0.997127966318506,-0.187404927455916,0.999072038749803,1356.06479730468,1.09612664197542,1.07853643596147,1.09214323875474,1.03411859542177,1.03388515862621
0.461057887947247,1.01222294098819,-0.0133088159050692,0.998808649797014,2305.0544728933,1.11364328915876,0.97368688678854,0.922069230510013,1.01030484942243,1.01263529435416
0.65050408441681,1.01826885209659,0.314201477415264,0.995133239308378,3853.17099227692,1.09033708686876,0.895464486784648,0.832255404370514,1.03336058233327,0.978787724152045
0.607829201922565,1.01997961061798,0.00986342511379688,0.998554908032341,-1697.95065684331,0.924040146354713,1.05544370073857,0.982247249918504,1.00380636842698,1.00033332792507
0.419757474934451,1.01193071125728,0.0631209665394043,1.00052040834047,-1679.5625571397,0.912531612618246,1.00873755041333,0.977283520702831,1.01422335432103,0.987957000122269
-0.116663877339672,0.997700741702278,-0.00813772164910763,1.0005083140799,-743.799888090177,0.972345071454903,0.984771694028999,1.00389853215346,0.987429878122207,0.992919105095069
-0.431155734166689,0.988542226811783,-0.0587940914508907,1.00135584179467,-1050.19094502352,0.957259858961545,0.973704833096579,0.997701548330193,0.976407104673505,1.01260803075854
-0.475952487222567,0.9861777267617,-0.0453148768921197,1.00252293435507,-1458.63596476205,0.932459205593436,1.00904896121501,1.04108408860952,0.979337671532678,0.992144718503651
-0.37837770030826,0.992198583462414,-0.0683874318660629,1.0017711990599,-1394.30798719259,0.939458546995058,0.99266568269,1.03780109939083,0.981970426154391,0.997030854326674
0.0288864204960287,0.998979075543877,-0.0390930771585267,1.00250296002561,-161.550170325739,1.00507446492875,1.05345555347488,1.04708191089919,1.00575807943154,0.984508698740377
-0.196664243888216,0.991295792521746,0.0692421742543991,1.00074870896469,526.529348570023,1.04399915455639,0.945602883274968,0.998975723477819,0.983020316733897,0.999341688826925
-0.424515287804323,0.987114163915064,-0.0671187730942483,0.99873735177387,199.746468015948,1.01398476277794,1.02836608577089,1.05942253113062,0.99029799080056,1.01008195619301
-0.110989027933138,0.997125502682701,-0.204307582466503,0.999640027694427,1534.63474530929,1.09268205781135,1.09748355128851,1.10853392736418,1.03111540476744,1.03364093577313
0.463966442257415,1.0117825402209,0.0263767412255884,0.998761797783897,2368.45424662888,1.11493050149638,0.982605604528712,0.930350348662085,1.00798857906784,1.01217446362994
0.678965861209364,1.01899768717427,0.32594511745518,0.995337293444887,3977.79915825548,1.10238721616975,0.884350902448476,0.831343228388605,1.03609099572396,0.978193456307067
0.567341044481242,1.01825663785548,0.0155668300346949,0.998006961973727,-1787.3988325444,0.922203895810325,1.04195572309767,0.971466563995484,1.00570511833819,0.999270804789885
0.385213411810475,1.0119248659529,0.0679689896704489,1.00000785555711,-1987.06705199391,0.906496910293131,0.998745260103269,0.972095118432018,1.01425636038051,0.985808561329451
-0.167516660845142,0.996778696176046,-0.0228767122382967,0.999827028852711,-893.262524120738,0.966083523033648,0.980435126894818,1.00321187705319,0.988687309133708,0.991544163036854
-0.423509083736508,0.988699342604326,-0.0495245747042618,1.00146857620788,-1148.36987163102,0.95463594125901,0.976864307593636,0.994836441641457,0.977495465608122,1.0133694610586
-0.468405134105058,0.986116745277625,-0.0165756978265576,1.00251248285873,-1521.40216068257,0.934045360848282,1.01007512614453,1.03313402064579,0.980071905350173,0.992934873939149
-0.391955883772564,0.990836472676381,-0.0663602355674309,1.0014565789866,-1398.02894585832,0.943076944838055,0.989789602612554,1.04054651567883,0.982429074943349,0.999013807290717
0.0650410592378915,0.999607589139826,-0.0882555322080843,1.00268992549609,-331.770918085314,0.996303282378115,1.05557877130545,1.04670587564419,1.00529562124173,0.986937244346001
-0.165198612200867,0.992182334870778,0.114429532336767,1.00091429889173,816.040641652716,1.04994899855847,0.951638528813605,1.00276039804648,0.982501319427584,0.999779549128753
-0.38849899054264,0.988738371489981,-0.136464620331292,0.999283021529859,642.002947671898,1.02575848565485,1.0346064716591,1.06306602838858,0.989294670058624,1.01084774660493
-0.104556915921073,0.996760019275119,-0.252426716218563,1.00089859432835,1719.37736398426,1.0875876384342,1.10626547877752,1.12292275679727,1.02858818378529,1.03191933462197
0.464960658475732,1.01234527823509,0.0942722017996778,0.998983509177891,2267.40004726742,1.11035608178361,0.991461341706659,0.930519032084244,1.00399441573408,1.01194774810074
0.718329093637851,1.02026294210754,0.37355911601775,0.995982676211881,3973.83052043255,1.11159838670152,0.877660964697764,0.828448430369775,1.03762193282166,0.97697951800273
0.526748561307488,1.01681959324529,-0.0139565004184965,0.996994271174546,-1917.9477409792,0.920894280867228,1.02668461108791,0.963786545518667,1.0079233873833,0.997672388486028
0.332271723642767,1.01156595102659,0.0645498760497478,0.999262212943288,-2290.26180174942,0.899993448350135,0.98678559160746,0.964553557798694,1.01498387828088,0.984441479887658
-0.209988414307326,0.996376058210036,-0.038121756330415,0.998932611759932,-1043.93077899952,0.960022023869116,0.981203683757522,1.00386199727426,0.989857620021389,0.989954164541538
-0.448641981626745,0.987931372693081,-0.0516740805066786,1.00112777060936,-1218.82580888858,0.952629002968981,0.981019375869168,0.99844927282184,0.979179054493157,1.01423744067466
-0.48687719484044,0.984917840912215,-0.00266289398728529,1.00213563359885,-1525.55730104911,0.937430403059106,1.00815082959534,1.02905643960196,0.981082476743264,0.994530057569236
-0.39907140235516,0.989352799048237,-0.0546288184928779,1.00116967184713,-1311.566051157,0.948855811149436,0.993238596322635,1.04140423133578,0.982858622917008,1.00099512073579
0.098447786038993,0.999910057445656,-0.0988650994172535,1.00311553495432,-609.576937485856,0.985115599482797,1.06107929549742,1.04795960124161,1.00484837934648,0.989812440265305
-0.108462140200361,0.993979002423426,0.197168744308837,1.00122986339797,1230.33322075681,1.05812220073957,0.952318353607072,1.00408096380795,0.982426998236933,1.00039247874324
-0.331727440317832,0.990599935553786,-0.182835376013418,1.00034935139893,1091.76202830839,1.04008817270531,1.03833196442912,1.06615237232119,0.988116034062927,1.01112389653926
-0.0689772954913135,0.997282258169139,-0.345639579782256,1.00201297755899,1900.36554732381,1.08021669330944,1.11109013275334,1.12738686670747,1.02591338632053,1.02946179823936
0.467069774625772,1.01330778133124,0.153617066413386,0.998948566003351,2157.95188912291,1.10534985110492,0.998612956097616,0.931270434751332,0.999640337447442,1.01108651128411
0.746764524863677,1.02114647756271,0.403775599813197,0.99674487644486,3816.74532748177,1.11972122189343,0.873431180320837,0.825007201522808,1.03844456568282,0.975972923237231
0.489229940243332,1.01590124509859,-0.0674277888638166,0.996189839929571,-2027.7088922164,0.917702675001077,1.01340577206237,0.965254275445886,1.01038871062856,0.996096695796772
0.262836175364179,1.01020997844721,0.0492740218471388,0.998823599955386,-2580.50441501337,0.893893587308189,0.974851891560516,0.954033023242011,1.01579374039595,0.983742316283173
-0.262376713767541,0.995852927386909,-0.0364515619360744,0.998200865145286,-1206.77435035761,0.953937514560831,0.985710326689264,1.0033514223144,0.990910798887198,0.988751564492108
-0.496296366037103,0.986782747917059,-0.045793140777225,1.00015601238297,-1259.75018372977,0.951871331696866,0.984007293205325,1.00472173654286,0.981191550268014,1.01520488380493
-0.515559825879155,0.983206550975079,0.00231418217661818,1.00129994572378,-1530.93688374894,0.939895589221981,1.0065734474635,1.02777824196051,0.982237949982349,0.995930764771548
-0.401525643326433,0.98778115864777,-0.0243235991427106,1.00114787520131,-1216.94523883083,0.954589477433847,1.00237151323681,1.04118398751673,0.983487121077838,1.00270732140802
0.111862600226948,0.999935295452291,-0.0657680014126538,1.00350199895377,-753.13431203609,0.97546097253663,1.05979562138061,1.0494208161714,1.00444133948143,0.992665342959886
-0.0178743493794406,0.997178887455995,0.282656896623824,1.00162915340971,1602.49374344598,1.065511935671,0.950737635320521,1.00520396716929,0.98266772094162,1.00115096885535
-0.255313377647602,0.992223326179055,-0.255282300982199,1.0015504557739,1403.03323516275,1.05192772413778,1.04595897641482,1.07308160693859,0.986739910733989,1.01128142854263
-0.0447033916987039,0.997361973041254,-0.439140122033007,1.00324019680891,2034.84278222467,1.07660481234852,1.10488762985249,1.12416882168946,1.02367675746604,1.02718047186435
0.47493410654846,1.01497811476205,0.168768043890529,0.998515320503984,2103.33537303981,1.10283083567365,1.00826589326911,0.928065856784152,0.994154217590964,1.00969973247425
0.777827722969176,1.02192219949491,0.429769543484534,0.997587588144169,3731.20626455567,1.12382550492995,0.87339108163877,0.820413424499971,1.03829569910274,0.973639327337216
0.496952774303869,1.01636618838911,-0.11232706884778,0.995280971131578,-2127.01895293644,0.915128751611668,1.00390877602246,0.968298145282802,1.01413690112848,0.995804346499056
0.174746649403363,1.00824360391281,0.0352353011712892,0.99872423444341,-2868.99373887458,0.888215315705076,0.962533641349292,0.947235961982905,1.01657742176448,0.983229272173216
-0.327951149055837,0.995109501209395,-0.00184322500871165,0.997425004097118,-1377.05697288493,0.947888834237729,0.993145764998009,1.00480196039006,0.991550707895416,0.98801186633037
-0.58796696199402,0.983975634473675,-0.0241838333052985,0.999040346085657,-1257.34612541906,0.952273308308926,0.983938339244986,1.01173807965948,0.983480187248351,1.01717285032761
-0.548692253263687,0.981314066738708,0.00444491672971612,1.00049635993265,-1588.79281759197,0.939744379554729,1.00591071674772,1.03048675680626,0.983535572191694,0.997148692307607
-0.37460768710372,0.987207527915255,-0.00785585037949285,1.00165047059436,-1189.89799963426,0.956861071932273,1.01319291508532,1.03948137186302,0.984108665212431,1.0036627869335
0.133306593004013,1.00038014619565,-0.00137723507792835,1.00440706617295,-794.873565886166,0.970693697280507,1.05674452308353,1.04898900597246,1.00417164514708,0.995453814236396
0.0707034165324154,0.999902985722694,0.317242499197872,1.00215017699899,1918.17425672914,1.07032497615662,0.950097567672376,1.00506239508002,0.983039720350337,1.00171523096266
-0.189868018240712,0.993834261314543,-0.330760972194882,1.00220017819111,1583.57376831918,1.0610864807923,1.04755674317929,1.07688336006658,0.985949618189699,1.01046316302813
-0.0109296960658405,0.998056079783275,-0.521018425308681,1.00398280134173,2203.84240375579,1.07837868371202,1.09572158860003,1.11556884267782,1.02179677069954,1.02466849022144
0.467640961070748,1.01635766131534,0.140087368633143,0.9972578868223,2132.26599524689,1.1034906863305,1.01323770720655,0.92870813597291,0.98789138163379,1.008350039247
0.796284734636624,1.0224500054391,0.450779362699196,0.997227887540741,3739.76554630925,1.12610328179696,0.876892628851041,0.817010761126221,1.03724787437138,0.971391279373993
0.513785608881771,1.01732047994636,-0.11960371711087,0.995159054322564,-2213.53619113985,0.912198338967517,1.00337264188237,0.975365905229393,1.01776428918947,0.996341249206189
0.101716390138447,1.00593130971375,0.0132094328701678,0.99948434146301,-3242.16268243399,0.879873171669374,0.956391239288489,0.945541800139514,1.01692463357304,0.982999235288349
-0.402527920318059,0.993806347475417,0.053371659298396,0.997082738444862,-1528.06294404598,0.943014443852318,0.995450211531199,1.00305479604781,0.992766088260526,0.988584177501109
-0.677859968140661,0.981025763281811,0.0541013376569074,0.99780510874009,-1164.19543288268,0.955431139837519,0.984638044671104,1.01567651919034,0.985846190162941,1.01929387325375
-0.556213457475047,0.980102428998177,0.0223379676673195,1.00043617481261,-1715.25672281084,0.936758720095088,1.00565005391525,1.0332805226691,0.98493525799528,0.997916303305862
-0.335526001074748,0.9875712811907,-0.00416267299594017,1.0026607439063,-1235.85454680685,0.956448629926621,1.02151592630706,1.03717243420899,0.985072561377064,1.00412601463514
0.160694132488391,1.00086924751967,0.0263772725738039,1.00509676599139,-691.681954584122,0.970899225099122,1.05179381531803,1.04603904372198,1.00418510590174,0.997494292185096
0.158715801326779,1.00214395953788,0.289757529279949,1.00285947488687,2085.60137009216,1.07124652297272,0.949972573820734,1.00462362937174,0.983623294828883,1.00167528061502
-0.148639143747744,0.994904050136574,-0.416351455404118,1.0027620880426,1654.33706096025,1.06690010538068,1.04902685335164,1.08157845608865,0.985792988728884,1.0088946098906
0.0144068739530791,0.998833540117367,-0.557092484428512,1.00391890696146,2330.47281073637,1.08303850993535,1.08120193209975,1.10798631851028,1.02040977516835,1.02130273491435
0.406798551714387,1.01710479533624,0.0832065190964693,0.994950833842689,2171.93777138642,1.10511546896884,1.01713267380178,0.930359663888072,0.980459118291491,1.00829847554545
0.80938836571012,1.02280816944148,0.47528271231048,0.995589744314856,3907.260821092,1.12648896580413,0.885509793997914,0.815563633312748,1.03531843203758,0.969404493165745
0.543446931113734,1.01829188475819,-0.10447086028597,0.995230681980552,-2239.52962288012,0.913117937550831,1.00298259924186,0.978496940843371,1.02058046166476,0.997978246560017
0.0381356949566532,1.00416864773474,0.0098755915466596,1.00083446659612,-3629.34865527576,0.87013912195638,0.95524396423165,0.948608701411756,1.01710622520737,0.983191492069061
-0.489988195615043,0.991760848809199,0.10547025497317,0.997187015833831,-1614.58936118077,0.939612874911059,0.995098467786634,0.99938070498651,0.994639618412445,0.989962847898205
-0.742241032654138,0.977479973689766,0.128474835674253,0.997187209850303,-912.867409612637,0.962645213770975,0.984222995168413,1.01829068325012,0.988101550208253,1.02248365525984
-0.497095971542502,0.98081834398276,0.0695973627905213,1.00184225468869,-1925.9443554002,0.93230392392663,1.00716933540181,1.03990158742157,0.986630812601889,0.998759155408883
-0.274636545386819,0.988962926720669,-0.0336937959911956,1.00384620622547,-1462.80884606737,0.951309722697822,1.0261695268335,1.03330117591638,0.986718043521573,1.00360806065777
0.214310876290322,1.00243533125989,0.0134780565609325,1.0058108599889,-620.308457690987,0.973820606693178,1.05104402144547,1.04479954525971,1.00392231577447,0.997875791942292
0.222701240669374,1.00335951114532,0.262020235933755,1.0034771865292,2171.69607605695,1.06972588753032,0.953117374068436,1.00427329673925,0.984739495297753,0.999465507005862
-0.152360007160052,0.995157175305782,-0.450568645985919,1.00329577910796,1685.81038957265,1.07110471909609,1.04381995602559,1.07614289252367,0.98727787663244,1.00526220982054
0.0282209417144353,0.999788390852938,-0.558283789275102,1.0027165402709,2526.32383625029,1.08576412245413,1.07042228654024,1.09481002644197,1.01885549535956,1.01668574413328
0.293266005241416,1.01684235121005,0.00655404233621022,0.991436836443431,2265.62261533486,1.10794107083335,1.01209920401753,0.938017842436111,0.972398784087563,1.01110344767266
0.779843169003599,1.02198627600872,0.478207575597561,0.992909067317535,4133.00367604244,1.12903207147784,0.894748868975008,0.819118479855976,1.03212358721866,0.969792685418156
0.555181081711656,1.0180209663727,-0.0976042261625159,0.995876627278247,-2242.1495798766,0.913277054743221,1.00501662581216,0.988147597253995,1.02225510787958,1.00081301750951
-0.00134944629496194,1.00297285575643,0.00417113498631731,1.00259367343954,-4066.24111143193,0.860039759822623,0.959060647741758,0.95368527882106,1.01708373407401,0.98502541378333
-0.555012795574161,0.989871924607994,0.150299201207021,0.998055695958684,-1695.61950135412,0.938328586680952,0.99264609821631,0.993810063819112,0.996656086387324,0.993000476728476
-0.747213498847461,0.975526737386539,0.193709784370586,0.997018221684709,-596.93118238877,0.971925622675583,0.988356648664326,1.0197234772549,0.99051172836963,1.02603538702642
-0.386705561390052,0.983153720850712,0.11121298839282,1.00385302306293,-2073.86454483658,0.929797246744532,1.00940651457769,1.04125124266109,0.98878618698412,0.998803650022528
-0.193860061800585,0.991074100675343,-0.0579644638997484,1.00519060854566,-1686.69781092401,0.946538121377205,1.02580490173367,1.02812865593395,0.98849340531771,1.00161704966974
0.282237965329332,1.00417075721205,-0.0164850987216718,1.00605058158998,-505.561567107195,0.979454336672825,1.04626178249041,1.04673977912941,1.00405121681795,0.995308715303755
0.256010090971876,1.00411203379033,0.259854397246712,1.00425142747727,2132.35425438996,1.06737096599935,0.95836163709763,1.00264523697471,0.986416687570947,0.99401711770645
-0.201278060162404,0.994452656398218,-0.433628068454019,1.00357381935257,1590.95162232588,1.06771549832998,1.0403041918062,1.06535634189943,0.989598719742163,0.998987469798067
0.0173626841139213,1.00019385783001,-0.53702142231617,1.00102662622741,2522.3689662143,1.08376797514978,1.06106328792572,1.0829893905313,1.0181964004607,1.01098331260679
0.152890602662621,1.01582964274697,-0.0723495000050326,0.98789915430435,2397.42419807842,1.10784592759923,1.00784071891716,0.945752179854105,0.963504062938609,1.01579794568834
0.739313981100053,1.02056612197982,0.446964668405466,0.990555993550645,4405.86534722377,1.12987048872677,0.900947762477622,0.826102271059754,1.02766780303295,0.973884150256786
0.54340256217464,1.01660027016257,-0.107694923106078,0.995753740030669,-2100.39935103356,0.917697919262515,1.00653070829013,0.997532863471891,1.02290353461174,1.00755916219222
-0.0313041055532132,1.0020016711959,-0.017403567897756,1.00452595549313,-4289.2745420215,0.858493746545356,0.964083974096881,0.962646932571738,1.01738902127476,0.990207212981784
-0.608658014797067,0.988127523323713,0.178982320574267,0.998897875872554,-1777.97076220345,0.938193561836638,0.99240555202823,0.991007544283864,0.99833108338721,0.997567783732482
-0.719982197975193,0.974502280865592,0.223262968551408,0.997411760933328,-315.540405225455,0.981041450546852,0.992257609907705,1.02116475471244,0.992831799795564,1.0297269261463
-0.232931323800753,0.986970471092045,0.162043518095917,1.00612888498293,-2275.73696730563,0.928344748801554,1.01032414428306,1.03954781707198,0.991255675086337,0.99831714204344
-0.0839672924517283,0.994092490449315,-0.0652323975254897,1.00643238536103,-1934.68569493614,0.942019039998171,1.02382711210304,1.0250358548536,0.990026259255965,0.997768470730332
0.387374499741402,1.00705328334295,-0.0175768158009594,1.00636235955689,-446.769441208938,0.983571368542125,1.04256610881197,1.04431713631267,1.00427423313867,0.988311643070103
0.250442423774321,1.00447599690959,0.283911705147543,1.00427795379069,2171.35941368712,1.0668155945227,0.964887884312105,0.998211061382571,0.988781511641862,0.982329770848858
-0.294387936649347,0.993217993050443,-0.413831110137709,1.00317553681086,1399.94608996962,1.06012051523138,1.03314119423749,1.04904861416608,0.992818294868305,0.98894317343454
-0.00740296468525462,0.999711860892321,-0.516765749102867,0.999750882667969,2462.53251153124,1.0794047486084,1.05603497578904,1.07342946955981,1.01840336658523,1.00335621334182
0.019865171022813,1.01413933112466,-0.145544854908166,0.98508802493583,2522.03276869973,1.10538105063725,0.999730496809029,0.953563621341402,0.955094336723014,1.02461119426674
0.672405928502019,1.0180916465657,0.411140209120532,0.989197936548589,4659.33626942729,1.12750430423492,0.906942455857526,0.837774569377416,1.02259216817009,0.982761747347426
0.486890789844643,1.01351024759305,-0.133739839555696,0.995757787547798,-1863.86855525372,0.924820716939223,1.01120466917457,1.01028665254631,1.02204942656101,1.02114869301885
-0.0444893918974173,1.00092625675711,-0.0472335671423065,1.00601346764903,-4437.75502302462,0.861726213257727,0.971047909664474,0.97461483141603,1.0170749275524,0.998853482031124
-0.629025332511792,0.987275608580692,0.192820802550873,0.999346988399257,-1822.70548930521,0.941083842597822,0.992757513383729,0.989736662600664,1.00007668113034,1.00280786007702
-0.653852217218063,0.976374783703294,0.243724247512996,0.997587978323349,-214.60573249783,0.986504004673537,0.994579693082818,1.02247128594896,0.995114066516031,1.03261809240471
-0.0870306984880413,0.990511830380975,0.200780831018362,1.00788026450899,-2478.49997971063,0.927042769926658,1.0078956376927,1.0296050985377,0.993579934231438,0.996547966172221
0.0264178458116752,0.99734537087973,-0.0469156737543279,1.00738068996878,-2024.11183617324,0.941448759452048,1.01990958688162,1.02131082201002,0.991354715044189,0.991181586626108
0.480696445659279,1.00947846884913,0.0140473884039978,1.00628307334887,-383.362859812707,0.986816860977957,1.0399808276487,1.03985230889467,1.00492214870174,0.977443507107646
0.246981927481324,1.005131515068,0.295147793221466,1.00426442167832,2274.14260103878,1.06843601094388,0.969992482029346,0.992346396686977,0.991136499196146,0.966696845324952
-0.388559487424858,0.992082871803278,-0.404433004259372,1.00278009378777,1108.22943721306,1.04794709636318,1.02974823645791,1.03611576816162,0.995987069485871,0.974936455920452
-0.0424603806622493,0.99891016633757,-0.500698099887442,0.99871034558071,2187.73522111274,1.07490717530094,1.05314746686276,1.07082291564347,1.01903291874033,0.995212763536397
-0.0874449981584285,1.01208773662725,-0.195416977946681,0.98382137441724,2663.63873750987,1.09846836603117,0.994382492533078,0.960070254410079,0.948417717875875,1.03619888338072
0.610681256455147,1.01486725801442,0.373835650730039,0.989285796082759,4963.04196549769,1.1220836218301,0.912188011840317,0.848502074935286,1.01749604825649,0.995188046335728
0.402495551592054,1.00990173016139,-0.166169323770907,0.995254419721009,-1550.56591319669,0.937835297740558,1.01141798660459,1.01861848987875,1.02017089223464,1.04036271769304
-0.0566727001912727,0.999846703742294,-0.0788648697052423,1.00673101078975,-4476.07382652648,0.868780822547884,0.977298632120093,0.983475281333823,1.01698126515838,1.0100544028883
-0.638986573621305,0.986863660102159,0.191926255984576,0.999187466686528,-1718.23320511145,0.946893074433156,0.995020465254288,0.992262831373761,1.00154724714237,1.00717018668881
-0.587249527184154,0.979014800354481,0.252441740321473,0.997767845285337,-204.485972780965,0.990127722811708,0.991761941436974,1.0248492937927,0.996959274681931,1.03416933078173
0.0364297444743466,0.993594318062635,0.233738766746145,1.00897692737009,-2892.39459038436,0.921432328885203,1.00715241451351,1.0207670173616,0.995492002776605,0.993545948907214
0.13207989124033,1.00061444678535,-0.0144777466732213,1.00780667456303,-2204.90284797632,0.938782218870856,1.01669235776661,1.01658079199185,0.992541962740909,0.982638135688258
0.56028402808517,1.01200910441464,0.0568662918378946,1.00633894283637,-389.167856334758,0.986209883278055,1.04071605917497,1.03516322512722,1.00518426264807,0.965870747334657
0.246972673245109,1.00638006252243,0.310838043383622,1.00376750181693,2574.26655419366,1.0714432135088,0.974829700621218,0.989501677495594,0.993285850592581,0.950310582034147
-0.463708881758918,0.991017288794609,-0.406019546726038,1.00247307659796,886.365985766247,1.04218006390161,1.02481871054554,1.02383038853998,0.998737035256518,0.960886689915699
-0.0845923973867976,0.997527098351782,-0.486967968858739,0.998416910394103,2096.04011528293,1.07086839901853,1.05231286995046,1.0666136855432,1.01947690627901,0.98803264301293
-0.144562388692611,1.01026551656832,-0.232636633494016,0.983484661474612,2749.84456360241,1.09439500616059,0.989811589537601,0.966140416697771,0.943857938989836,1.04826587522574
0.544528262851822,1.01127521644314,0.342371335350744,0.990448477309559,5146.66333441315,1.11841966567717,0.916075941002412,0.856916518920188,1.01373119512024,1.00757147069067
0.324399139856821,1.00662133625685,-0.210351148396402,0.99494826143354,-1343.80782500492,0.948755370478866,1.01116371897002,1.02800419165482,1.01837852683029,1.06026404664711
-0.0734754301116854,0.998713507062613,-0.0869566239189287,1.00657576712388,-4565.89411616087,0.871153676197627,0.982634441400727,0.990882398946501,1.01662852856297,1.02071687927381
-0.629613965553915,0.98721358322181,0.184570955882227,0.998680117881157,-1507.44309781681,0.954326804828943,0.997581619780994,0.995937835701924,1.00247594071423,1.01035083993469
-0.527001392029677,0.982677104723422,0.256839733735429,0.997667496447318,-271.446695412362,0.990620531066814,0.986448745260144,1.02349955108295,0.998295965290729,1.03452629627506
0.10282752972196,0.995159778434618,0.241841959973756,1.00884987584392,-3219.41247846387,0.915794391120225,1.00803903873816,1.01155630977105,0.996896282659929,0.989607456794107
0.212669251087223,1.00308825354877,0.0234682422910081,1.00820154121188,-2387.88859347046,0.93514246745471,1.01356450582016,1.01184027517575,0.993418607058567,0.974042257813144
0.597406962961785,1.01321120474128,0.0858470614891801,1.00646986941236,-400.067621182746,0.985358244092164,1.0397028051502,1.03256631844327,1.00537529361881,0.956135045979173
0.258417762233963,1.00770914151927,0.323084852463282,1.00366785712301,2835.50866577653,1.07453157363272,0.979476810328577,0.98863341077868,0.994562328701029,0.937850789078716
-0.501836825999571,0.990534769280281,-0.386822574924822,1.00200468916932,740.123576283398,1.03924632271085,1.02211024234378,1.0188544758925,1.00013029207864,0.949530362055927
-0.125158374456587,0.996279760841135,-0.471290712821616,0.998504204857451,2038.86047651906,1.06867470239469,1.05391868615763,1.06574437383671,1.02013798776935,0.9837665426417
-0.160127681900649,1.00887533359411,-0.256697363351797,0.98407116067845,2840.09069599192,1.09239647705226,0.989333412201655,0.969958217873005,0.941288701353747,1.0564377508028
0.509559379040867,1.00875617458065,0.305811377042804,0.991888490789657,5297.85180510971,1.11741144103595,0.916972369671841,0.859544340618519,1.01151787201709,1.01762726773016
0.27245383191943,1.00475314467485,-0.249576879495335,0.994249898067113,-1233.82391714669,0.955960377045216,1.0088298685134,1.0313360990512,1.01720696808393,1.0760514217119
-0.0971151460250618,0.997495534622512,-0.0935886824449875,1.00626838085201,-4654.29402619136,0.871852087314042,0.986170348127946,0.994296422160717,1.0165082522053,1.02888587436952
-0.621103638533021,0.987693587495876,0.181351068663567,0.998013481799708,-1318.60091195371,0.959947362867749,0.998377253001751,1.0006904924156,1.00290310512812,1.01198224860576
-0.505931692732781,0.984972693768587,0.258576163223685,0.997597681887224,-304.112493092208,0.990430470333993,0.98160983681066,1.02190603190367,0.998875363964597,1.03384495018593
0.137409466486963,0.99604188972959,0.234474748035201,1.0083663460555,-3467.75295178553,0.910897423448077,1.00976821931984,1.00791728359605,0.997715236929785,0.985676751136486
0.272971209225723,1.00502678380656,0.0605730657447385,1.008456659091,-2582.08654789304,0.93057310831957,1.01169534813693,1.00963925795916,0.993811941416845,0.967476968925766
