时间,中国:出口金额:当月同比,中国:进口金额:当月同比,进口总值当期值(千美元),出口总值当期值(千美元),中国:贸易差额:当月值,中国:宏观经济景气指数:一致指数,中国:金融条件指数:第一财经研究院,中国:中金CMI指数:初值,中国:国房景气指数,中国:制造业PMI,中国综合PMI:产出指数,中国:CPI:当月同比,中国:CPI:环比,中国:CPI:食品:当月同比,中国:CPI:食品:环比,中国:CPI:医疗保健,中国:CPI:医疗保健:环比,中国:CPI:交通和通信,中国:CPI:交通和通信:环比,工业生产者出厂价格指数(上年同月=100),工业生产者出厂价格指数(上月=100),生产资料工业生产者出厂价格指数(上年同月=100),生产资料工业生产者出厂价格指数(上月=100),采掘业生产资料工业生产者出厂价格指数(上年同月=100),采掘业生产资料工业生产者出厂价格指数(上月=100),原料业生产资料工业生产者出厂价格指数(上年同月=100),原料业生产资料工业生产者出厂价格指数(上月=100),加工业生产资料工业生产者出厂价格指数(上年同月=100),加工业生产资料工业生产者出厂价格指数(上月=100),生活资料工业生产者出厂价格指数(上年同月=100),生活资料工业生产者出厂价格指数(上月=100),食品类工业生产者出厂价格指数(上年同月=100),食品类工业生产者出厂价格指数(上月=100),衣着类工业生产者出厂价格指数(上年同月=100),衣着类工业生产者出厂价格指数(上月=100),一般日用品类工业生产者出厂价格指数(上年同月=100),一般日用品类工业生产者出厂价格指数(上月=100),耐用消费品类工业生产者出厂价格指数(上年同月=100),耐用消费品类工业生产者出厂价格指数(上月=100),工业生产者购进价格指数(上年同月=100),工业生产者购进价格指数(上月=100),商品零售当期值(亿元),社会消费品零售总额当期值(亿元),名义有效汇率指数:人民币:广义,上证所:平均市盈率,深交所:平均市盈率,中国:金融机构各项存款余额:人民币,中国:金融机构各项贷款余额:人民币,流通中现金(M0)供应量同比增长(%),货币(M1)供应量同比增长(%),货币和准货币(M2)供应量同比增长(%),流通中现金(M0)供应量期末值(亿元),货币(M1)供应量期末值(亿元),货币和准货币(M2)供应量期末值(亿元)
2000-01,47.6,54.1,15258393,16797277,15.23,96.5,,,102.24,,,99.8,100.9,96.9,NA,100,NA,94.2,NA,100,,101.9,,118.7,,103.1,,97.4,,96.5,,94.5,,98.4,,97.2,,95,,102.1,,,2962.9,76.84,,,107778.8,93838.2,34.2,19.4,14.9,16093.9,46570.1,118907.8
2000-02,34.5,54,13428609,14775380,13.52,97.54,,,102.57,,,100.7,101.9,98.6,NA,99.8,NA,94.2,NA,101,,103.1,,124.6,,104.6,,97.1,,97.4,,93.6,,100.9,,97.2,,97,,103.6,,,2804.9,78.15,,,109962.7,94352.9,9.4,15.3,12.8,13983,44679.2,119353.6
2000-03,35.9,23.9,17813579,20146482,23.33,96.9,,,101.82,,,99.8,98.4,96.7,NA,99.7,NA,93.8,NA,101.9,,104.4,,128.5,,106.2,,97.6,,97.2,,94.6,,100,,97.7,,95.2,,104.8,,,2626.6,77.96,,,112320.22,95776.55,16.7,18.7,13,13235.4,45158.45,120399.58
2000-04,38.8,32.7,18360795,20500392,21.58,97.27,,,101.85,,,99.7,99.1,96.1,NA,99.7,NA,93.7,NA,102.6,,105.3,,133.9,,107.2,,97.5,,97.6,,94.9,,100.4,,97.9,,96.2,,105.3,,,2571.5,78.13,,,113386.35,96604.65,21.8,21.7,13.7,13675.5,46319.03,121914.77
2000-05,29.6,24.2,16966429,20105176,31.47,96.98,,,102.2,,,100.1,99,96.9,NA,99.8,NA,93.8,NA,102.5,,104.9,,119.4,,108.5,,98.2,,98.2,,95.3,,100.9,,98.9,,96.6,,105.5,,,2636.9,79.71,,,114679.66,96174.88,20.1,22.3,12.7,13075.45,46490.23,121902.65
2000-06,45,39.8,20301402,22192970,19.05,97.35,,,102.69,,,100.5,98.5,97.6,NA,99.9,NA,93.6,NA,102.9,,105.5,,119.1,,110.1,,98.1,,98.4,,94.9,,101.9,,97.9,,98.4,,107.1,,,2645.2,78.65,,,117443.25,94847.87,19.5,23.7,13.7,13006.04,48024.4,124486.78
2000-07,24,40,19491628,21478509,19.87,97.9,,,102.94,,,100.5,99.2,97.6,NA,100,NA,93.7,NA,104.5,,107.2,,126.3,,111.5,,98.5,,99.7,,95.4,,104.6,,99.4,,97.8,,108.6,,,2596.9,79.15,,,117155.09,94362.51,17.5,22.6,13.4,13156.47,47803.09,124192.78
2000-08,27.3,54.6,20787740,23329185,25.4,97.68,,,103.32,,,100.3,101,97.4,NA,100.5,NA,93.7,NA,103.9,,106.4,,127.8,,110.6,,99.8,,98,,97.4,,100,,98.6,,96.8,,104.6,,,2636.3,79.82,,,118127.02,94874.36,17.4,21.9,13.3,13378.68,48885.38,125673.26
2000-09,23.7,35.7,20715034,22973290,22.68,97.34,,,103.52,,,100,101.6,96.3,NA,101.1,NA,93.7,NA,103.7,,106.4,,125.4,,111.1,,99.8,,97.3,,97.7,,98.8,,97.4,,95.4,,105.1,,,2854.3,80.45,,,120048.33,95995.51,13.4,20.8,13.4,13894.69,50616.89,128352.61
2000-10,24.9,37.1,18916401,22799974,38.27,96.23,,,103.43,,,100,99.9,96.3,NA,101.3,NA,93.6,NA,103.6,,106.1,,126.8,,110.2,,99.8,,97.5,,97.3,,99.9,,98.2,,95.6,,105.2,,,3029.3,81.41,,,119955.19,96709.81,11.8,18.2,12.3,13589.45,49952.84,127432.53
2000-11,13.7,28,21640881,22154881,5.06,95.89,,,103.68,,,101.3,100.7,99,NA,101.1,NA,93.8,NA,103.5,,105.8,,126.6,,109.6,,99.7,,97.9,,98,,100.3,,97.9,,96,,105,,,3107.8,81.83,,,121868.23,98180.28,11.2,17.1,12.4,13877.7,50787.49,128887.4
2000-12,8.5,22.9,21414250,21986149,5.72,95.11,,,104,,,101.5,100.1,99.9,NA,100.7,NA,93.8,NA,102.8,,104.6,,121.6,,108,,99.3,,98.4,,98.9,,100.5,,98.1,,96.2,,104.7,,,3680,81.79,,,123804.35,99371.07,8.9,16,12.3,14652.65,53147.15,132487.52
2001-01,0.1,1.9,15545007,16926471,12.44,96.39,,,105.22,,,101.2,100.9,99.6,102.3,100.5,100.3,99.5,101.1,101.4,,102.7,,111.2,,106,,98.9,,98.4,,99.7,,100.3,,98.4,,94.9,,103.6,,,3332.8,82.02,,,124987.67,100687.23,5.8,16.8,13.5,17018.98,54406.23,135685.99
2001-02,28.4,35.7,18225617,19198624,7.38,96.83,,,105.02,,,100,100.1,96.7,100.6,100.4,100,98.3,99.2,100.9,,101.8,,107.8,,104.5,,98.9,,98.6,,99.7,,99.9,,98.5,,96.1,,102.7,,,3047.1,82.22,,,125502.38,101425.74,6.6,16.4,12,14910.39,51997.68,134390.49
2001-03,14.3,16.6,20772526,23139003,22.65,97.49,,,106.15,,,100.8,99.4,99,98.9,100.4,100,98,99,100.2,,101,,102.9,,103.4,,98.9,,98.3,,99.9,,98.3,,98.5,,95.7,,102.1,,,2876.1,83.75,,,128899.71,102470.64,8.5,17.4,13.2,14362.12,53033.36,136915.12
2001-04,11.1,19.1,21859280,22792181,9.2,96.63,,,106.88,,,101.6,100.2,101.3,100.4,100.3,99.9,98.9,100.8,99.9,,100.4,,100.4,,102.4,,98.8,,98.8,,100.7,,99.5,,98.5,,95.6,,100.9,,,2820.9,84.87,,,130930.13,103491.81,6.9,15,12.8,14622.99,53261.32,138121.03
2001-05,3.5,10.9,18808766,20813507,19.98,96.28,,,106.51,,,101.7,99.5,101.7,98.9,100.3,99.9,99.3,100.1,99.8,,100.1,,103.9,,101.6,,98.4,,98.9,,100.9,,99.2,,98.7,,95.9,,101.1,,,2929.6,84.76,55.98,54.65,130420.46,104714.59,6.6,13,12.1,13942.28,52542.99,137219.27
2001-06,-0.6,4.7,21251537,22081032,7.98,95.78,,,106.01,,,101.4,98.8,101,96.8,100,99.7,99.6,100,99.4,,99.8,,104.2,,100.8,,98.3,,98.7,,100.6,,99.3,,98.8,,95.4,,100.5,,,2908.7,85.41,56.45,54.54,135189.54,106553.42,7.2,14.9,14.3,13943.44,55187.36,141885.6
2001-07,6.2,7.5,20955500,22887692,18.59,95.24,,,106.44,,,101.5,99.5,101.5,98.9,99.9,100,99.3,99.6,98.7,,98.7,,100.5,,99.2,,98.1,,98.8,,100.5,,99.6,,98.9,,95.8,,99.6,,,2851.4,85.79,49.03,46.99,133699.41,107094.17,7,11.9,13.5,14071.62,53502.8,140076.48
2001-08,0.9,6.6,22161535,23540123,13.61,95.11,,,106.36,,,101,100.1,100.2,100.7,99.7,99.8,99.3,99.7,98,,97.8,,96.5,,98.2,,97.8,,98.4,,100.6,,98.6,,97.7,,95.6,,98.7,,,2889.4,84.21,42.07,45.44,137138.4,107614.13,7.4,14.2,13.6,14370.13,55808.92,143787.3
2001-09,4.4,5.5,21850598,23989367,21.42,94.97,,,105.85,,,99.9,100.9,100.3,101.7,99.6,100.1,99,99.8,97.1,,96.5,,96.9,,95.6,,97.2,,98.5,,100.8,,99.1,,98.1,,95.2,,98.2,,,3136.9,83.8,40.56,42.69,139115.23,108973.24,8.4,12.3,16.4,15064.6,56824,151822.6
2001-10,0.1,-0.1,18901809,22790526,38.89,95.01,,,105.63,,,100.2,100.3,100.8,100.5,99.5,100,99,100,96.9,,96.3,,93.6,,95.7,,97.2,,98.6,,101.1,,99.1,,97.5,,95.7,,97.5,,,3347.3,84.5,38.85,40.49,140065.9,108989.38,6.6,12.3,12.9,14484.61,56114.9,146157.58
2001-11,8.4,-3.7,20844771,24000007,31.55,94.95,,,105.1,,,99.7,99.8,99.2,99.3,99.7,100.1,98.9,99.9,96.3,,95.5,,90.7,,94.8,,96.8,,98.2,,101.2,,97.5,,97.8,,94.6,,96.5,,,3421.7,84.89,40.11,42.12,140286.55,110090.33,6.5,11.4,17.6,14780,56579.6,154088.3
2001-12,11.5,4.6,22390105,24502579,21.13,95.23,,,105.27,,,99.7,100.1,99.3,100.3,99.8,99.9,99.2,99.7,96,,95.2,,91.9,,93.9,,96.7,,97.9,,100.4,,97.9,,98.1,,94.4,,95.9,,,4033.3,85.5,37.71,39.79,143617.17,112314.7,7.1,12.7,14.4,15688.8,59871.59,152888.5
2002-01,29.2,22,18970417,21703291,27.33,94.93,,,103.91,,,99,100.3,98.1,101.1,99.2,99.8,97.3,99.6,96,,95.2,,92.9,,94,,96.6,,97.8,,99.8,,99.3,,98,,93.9,,95.1,,,3596.1,86.66,34.35,35.49,143388.45,113194.69,-1.7,9.5,13.1,16727.06,60577.23,157853.45
2002-02,1.8,-12.7,15918452,19137164,32.27,95.01,,,103.53,,,100,101.1,100.6,103.2,99.2,99.9,99.5,101.4,95.9,,95.4,,94.6,,93.7,,96.7,,97.2,,99.8,,98.3,,97.4,,92.7,,95.3,,,3324.4,87.22,35.13,36.52,144349.17,113709.88,11.6,10.9,13,16642.65,58703.97,159182.97
2002-03,3.4,8.2,22484145,23817766,13.11,95.45,,,103.87,,,99.2,98.7,99.4,97.6,98.8,99.6,99.1,98.6,96,,95.4,,96.1,,94.1,,96.3,,97.3,,99.8,,97.1,,98.1,,93,,95.4,,,3114.8,86.67,37.18,39.41,147209.94,116255,8.2,10.1,14.4,15545.47,59475.67,162300.93
2002-04,17.2,17.8,25751711,26723688,9.8,96.54,,,104.6,,,98.7,99.7,98,99.1,98.8,99.9,98.1,99.8,96.9,,96.6,,98.8,,95.9,,96.8,,97.7,,99.3,,98.5,,98.2,,94.5,,96.2,,,3052.2,86.26,39.04,45.44,150603.98,117179.02,8.5,11.5,14.1,15864.91,60462.04,162825.22
2002-05,18.4,19.3,22433112,24644182,22.09,96.98,,,104.37,,,98.9,99.7,98.5,99.4,98.7,99.8,97.9,99.9,97.4,,97.3,,101.2,,97.2,,96.7,,97.7,,99.4,,98.8,,97.9,,94.1,,97.2,,,3202.1,84.59,38.7,41.8,153258.07,118286.23,9.6,14.6,14,15243.74,61247.53,164268.36
2002-06,17.8,8.7,23094142,26012762,29.2,97.19,,,104.65,,,99.2,99.1,99.8,98.1,98.8,99.8,97.6,99.6,97.5,,97.4,,101.6,,97.3,,96.8,,97.8,,99.5,,98.9,,97.7,,94.6,,97.2,,,3158.8,83.14,44.38,47.48,157645.11,121137.64,8.3,12.8,14.7,15098.04,63144.69,167869.41
2002-07,28.1,28.8,26987655,29209981,22.2,97.12,,,104.29,,,99.1,99.3,99.1,98.3,98.8,99.9,97.7,99.8,97.7,,97.4,,100.5,,97.9,,96.6,,98.2,,99.5,,99,,97.7,,96.1,,97.5,,,3096.6,81.44,42.35,47.48,158780.22,121754.4,9.1,17,14.4,15358.29,63488.41,169122.95
2002-08,25,22.8,27204914,29437423,22,97.87,,,104.46,,,99.3,100.3,99.6,101.2,98.9,100,97.9,99.8,98.3,,98.3,,102.9,,99.2,,96.9,,98.2,,99.6,,99,,97.9,,95.9,,98,,,3143.7,82.18,42.97,46.26,161671.05,123483.62,9.3,14.6,15.5,15713.28,64869.5,171524.2
2002-09,33.1,36.4,29794139,31910755,21.17,98.31,,,104.97,,,99.3,101,99.8,101.8,98.5,99.7,97.9,99.9,98.6,,98.8,,103.5,,100.1,,97.1,,98.2,,100,,99,,97.7,,95.7,,98.8,,,3422.4,82.59,40.36,43.8,165674.85,126366.74,7.8,15.9,16.5,16234.11,66800.29,175254.87
2002-10,31.5,33.3,25197037,29946376,47.46,98.89,,,105.15,,,99.2,100.2,99.5,100.2,98.9,100.5,98,100.1,99,,99.4,,106,,101,,97.1,,98.1,,99.7,,99,,97.7,,95.5,,99.4,,,3661.9,83.36,38.16,41.38,166454.92,127089.14,10.6,17.9,17,16015.18,67100.77,175534.74
2002-11,30,37.9,28734598,31209190,24.66,98.42,,,104.9,,,99.3,99.9,99.9,99.7,98.7,99.8,98,99.9,99.6,,100.2,,110.7,,101.9,,97.4,,98,,99.6,,98.8,,97.9,,95.5,,100.5,,,3733.1,82.3,36.37,38.8,168595.9,128627.75,10.6,18.5,16.6,16346.89,67993.28,178018.43
2002-12,30.2,28.3,28732582,31889489,31.58,99.08,,,104.18,,,99.6,100.3,100.5,101,98.8,100,98.2,99.8,100.4,,101.3,,113.5,,103.7,,97.6,,98.3,,100.1,,99.3,,97.9,,95.3,,101.3,,,4404.4,82,34.43,36.97,170917.4,131293.93,10.1,16.8,16.8,17278.43,70882.19,183246.94
2003-01,37.3,63.5,31015969,29775788,-12.4,100,,,108.89,,,100.4,101.1,102.4,103,98.8,99.8,98.7,100.1,102.4,,103.8,,120.2,,108.5,,98.6,,98.4,,100.1,,99.7,,99,,95.1,,103.2,,,3907.4,80.53,37.85,39.85,173409.17,134615.13,27,19.5,19.3,21245.12,72406.05,188918.38
2003-02,27.8,49.4,23779657,24455585,6.76,100.91,,,109.14,,,100.2,100.9,101.8,102.6,98.9,100,98,100.6,104,,105.9,,127.5,,111.8,,99,,98.7,,100.3,,99.4,,99.2,,96.2,,104.8,,,3706.4,80.5,38.11,40.56,176585.78,135714.13,7.8,18.8,18.1,17937.58,69757.05,188444.37
2003-03,34.7,44.8,32549124,32091277,-4.58,100.21,,,107.34,,,100.9,99.4,103.2,99,99.3,99.9,98,98.7,104.6,,106.7,,131.1,,111.8,,99.9,,98.8,,100.3,,99.6,,99.3,,96.2,,105.8,,,3494.8,80.57,38.1,39.01,182295.33,139436.56,10.1,20.1,18.5,17106.89,71439.21,192832.44
2003-04,33.3,34.4,34601208,35617074,10.14,99.09,,,106.89,,,101,99.8,103.2,99,100.9,101.6,98,99.7,103.6,,105.3,,122.7,,109.6,,100.2,,98.8,,100.6,,99.6,,99.3,,96,,105.9,,,3406.9,80.52,38.42,39.55,184627.83,141377.15,9.9,18,19.2,17441.44,71321.54,194476.98
2003-05,37.3,40.9,31604148,33842228,22.3,99.05,,,106.28,,,100.7,99.3,101.9,98.1,102.2,101.1,97.6,99.6,102,,103.2,,113.8,,105.7,,100,,98.7,,100.6,,99.5,,99.6,,95.4,,104.4,,,3463.3,78.37,38.2,41.54,188954.27,143908.41,12.3,18.8,20.2,17115.34,72778.15,197811.96
2003-06,32.6,40,32336176,34475859,21.4,99.45,,,107.04,,,100.3,98.8,100.4,96.7,102.1,99.8,97.7,99.7,101.3,,102.3,,107.5,,104.9,,99.9,,98.8,,100.4,,99.9,,99.5,,95.8,,103.9,,,3576.9,78.24,36.04,38.36,194306.47,149156.56,12.3,20.2,20.8,16957.18,75923.52,203071.74
2003-07,30.6,35.3,36513666,38109608,15.96,99.93,,,107.27,,,100.5,99.5,101,98.9,101.7,99.5,97.6,99.8,101.4,,102.4,,107,,105.1,,100,,98.7,,100.5,,99.8,,99.3,,95.6,,104,,,3562.1,78.74,35.71,37.77,195520.53,150216.81,13.1,20,20.7,17362.4,76153.04,204381.1
2003-08,27.2,27.3,34621367,37415036,27.94,99.93,,,106.89,,,100.9,100.7,102.2,102.4,101.4,99.7,97.7,99.9,101.4,,102.4,,106.5,,105.1,,100.1,,98.6,,100.3,,99.9,,99.5,,95.5,,104,,,3609.6,79.26,34.27,36.87,197725.62,153025.17,12.1,18.8,21.6,17607.08,77033.3,208692.4
2003-09,31.3,39.8,41652336,41940698,2.9,99.91,,,106.65,,,101.1,101.2,103.2,102.7,101.5,99.8,97.7,99.9,101.4,,102.4,,106.2,,104.8,,100.3,,98.7,,100.2,,99.7,,99.7,,95.6,,104.1,,,3971.8,78.35,32.9,35.2,202869.26,156059.89,12.8,18.5,20.7,18306.62,79164.14,211611.5
2003-10,36.7,39.7,35192502,40925906,57.34,99.98,,,106.67,,,101.8,100.9,105.1,102.1,101.1,100.1,97.5,99.9,101.2,,102.1,,104.3,,103.4,,100.9,,98.9,,101,,99.9,,99.5,,95.5,,104.6,,,4204.4,76.66,32.47,34.44,204076.95,156676.17,14,19.6,21,18250.94,80267.37,212505.4
2003-11,33.8,28.4,36893286,41761968,48.69,100.39,,,106.45,,,103,101,108.1,102.6,101.3,100.1,97.5,99.9,101.9,,102.7,,104.4,,104.2,,101.6,,99.7,,102.9,,100.1,,99.7,,95.5,,105.9,,,4202.7,76.66,33.96,35.25,206119.57,157701.12,12.8,18.9,20.4,18439.85,80815.22,214358.84
2003-12,50.7,47.3,42336176,48061529,57.2,101.03,,,106.19,,,103.2,100.6,108.6,101.4,101.4,100,97.7,100,103,,104.1,,107.9,,105.9,,102.4,,99.9,,103.6,,100.2,,100.1,,95.2,,107.1,,,4735.7,75.51,36.54,36.19,208055.59,158996.23,14.3,18.7,19.6,19746.23,84118.81,219226.81
2004-01,19.8,15.2,35736602,35712196,-0.23,101.87,,,106.59,,,103.2,101.1,108,102.4,101.6,100.1,98.7,101.2,103.5,,104.6,,107.5,,106.3,,103.1,,100.3,,103.8,,100.4,,101,,95.4,,107.4,,,4569.4,74.53,38.81,37.41,210248.48,161730.64,4.9,15.7,18.1,22287.43,83805.9,225101.93
2004-02,39.5,76.7,42029744,34157738,-78.72,102.35,,,106.58,,,102.1,99.8,105.6,100.3,101.5,99.9,97.4,99.4,103.5,,104.6,,104.2,,105.4,,104.2,,100.5,,104,,100.9,,101,,95.7,,108.1,,,4211.4,74.38,40.78,39.17,214628.54,163810.61,10.9,19.8,19.4,19893.44,83556.43,227050.72
2004-03,42.9,42.5,46387843,45847915,-5.4,102.64,,,106.11,,,103,100.3,107.9,101.1,101.5,99.9,98,99.3,104,,105.1,,104.2,,105.5,,105,,101,,105.3,,100.9,,101.4,,95.5,,109.5,,,4049.8,75.27,42.35,36.33,220563.25,167442.53,12.8,20.1,19.1,19297.43,85815.57,231654.6
2004-04,32.4,42.7,49374185,47124115,-22.55,102.51,,,105.48,,,103.8,100.5,110.2,101.1,99.8,99.9,98.4,100,105,,106.2,,109.3,,107.1,,105.1,,101.8,,106.1,,101.1,,101.8,,96.9,,110.5,,,4001.8,75.51,38.82,30.88,222360.32,169434.99,14,20,19.1,19878.4,85603.64,233627.86
2004-05,32.8,35.3,42765026,44867889,21.04,102.21,,,105,,,104.4,99.9,111.8,99.6,98.6,99.9,98.7,99.9,105.7,,107.1,,112.7,,108.9,,105.2,,101.7,,106.2,,101,,102.3,,96.4,,111.2,,,4166.1,76.64,28.57,30.35,225048.71,170566.13,11.3,18.6,17.5,19048.43,86780.37,234842.4
2004-06,46.5,50.5,48652663,50496344,18.43,101.86,,,104.8,,,105,99.3,114,98.5,98.6,99.7,98.7,99.7,106.4,,108.1,,119.2,,110.3,,105.1,,101.8,,106,,101.3,,101.9,,96.7,,111.8,,,4250.7,75.83,26.77,27.15,229670.82,169905.22,12.2,16.2,16.2,19017.58,88627.14,238427.49
2004-07,33.9,34.1,48972295,51003919,20.33,101.52,,,104.82,,,105.3,99.8,114.6,99.5,98.8,99.7,98.8,99.8,106.4,,108.2,,122.1,,110.4,,104.7,,101.4,,106,,101.2,,101.5,,95.9,,112,,,4209.2,75.5,26.46,27.22,230192.75,169884.39,11.8,15,15.3,19048.43,86780.37,234842.4
2004-08,37.5,35.5,46910596,51400194,44.9,101.21,,,104.92,,,105.3,100.7,113.9,101.8,99,99.9,98.8,99.8,106.8,,108.7,,123.1,,111.4,,104.9,,101.6,,106,,101.2,,101.7,,96.4,,112.9,,,4262.7,75.92,25.65,25.82,232473.01,171040.15,10.9,15.1,13.6,19517.94,89125.33,239729.19
2004-09,33.1,22,50810916,55803041,49.92,101.11,,,104.95,,,105.2,101.1,113,101.8,99.2,100,98.8,99.9,108,,110.2,,126.7,,114,,105.5,,101.7,,106.3,,101.1,,102.5,,96,,113.7,,,4717.7,75.72,25.49,27.57,235029.68,173473.07,12.1,13.7,13.9,20524,90439,243757
2004-10,28.5,29.1,45433574,52523879,70.93,101.1,,,104.71,,,104.3,100,110,99.5,99.2,100.1,98.7,99.8,108.4,,110.9,,132.5,,114.6,,105.4,,101.7,,105.6,,101.2,,103,,96.5,,114.2,,,4983.2,74.92,25.31,26.08,236483.03,173728.97,10,12.6,13.5,20078,90782,243740
2004-11,45.9,38.3,51029701,60925461,98.95,101.16,,,104.22,,,102.8,99.7,105.9,98.8,99.2,100.1,98.7,99.9,108.1,,110.7,,135.2,,115,,104.6,,100.9,,103.9,,100.8,,102.4,,96.5,,113.7,,,4965.6,72.96,25.64,26.59,239788.54,175224.01,9.6,13.8,14,20209.25,92387.13,247135.58
2004-12,32.7,24.5,52708030,63784483,110.76,100.53,,,103.65,,,102.4,100.1,104.9,100.4,99.3,100.2,98.6,99.9,107.1,,109.4,,129.3,,113.2,,104.3,,100.5,,102.8,,100.6,,102.1,,96.8,,112,,,5562.5,71.87,24.23,24.63,240525.07,177363.49,8.7,13.6,14.6,21468.3,95970.82,253207.7
2005-01,42.1,23.9,44261156,50755189,64.94,100.04,,,103.12,54.7,,101.9,100.6,104,101.6,99.2,100,97.4,100,105.8,,107.8,,119.6,,111.5,,103.8,,100.3,,102.3,,100.7,,102.1,,96.6,,110.7,,,5300.9,72.12,22.83,23.87,245368.63,181082.96,7.8,15.3,14.1,24015.41,97079.03,257708.47
2005-02,30,-5,39916222,44273164,43.57,99.69,,,102.71,54.5,,103.9,101.8,108.8,104.9,99.3,100,99.4,101.3,105.4,,107.1,,121.6,,110.4,,103,,100.4,,102.5,,100.9,,102.1,,96.9,,109.8,,,5012.2,72.18,24.95,24.06,248752.1,182042.3,14,10.6,13.9,22667.97,92814.95,259357.29
2005-03,32.8,18.9,55136112,60869119,57.33,99.92,,,102.43,57.9,,102.7,99.1,105.6,98.1,99.4,99.9,98.8,98.7,105.6,,107.6,,126.8,,111.1,,102.7,,100.2,,101.7,,100.6,,102.5,,96.8,,109.7,,,4799.1,71.78,22.61,18.79,255573.32,185461.32,10.1,9.9,14,21238.95,94743.19,264588.94
2005-04,31.9,16.6,57560174,62151250,45.91,100.15,,,102.26,56.7,,101.8,99.7,103.1,98.7,99.3,99.9,98.6,99.8,105.8,,107.9,,129.8,,111.4,,102.6,,99.8,,101,,100.7,,102.6,,96.7,,109.9,,,4663.3,72.58,22.26,17.3,258882.32,186889.1,9,10,14.1,21666.56,94593.72,266992.66
2005-05,30.3,15.6,49438535,58426919,89.88,100.49,,,102.17,52.9,,101.8,99.8,102.8,99.3,99.5,100,98.6,99.9,106,,108.2,,134.1,,111.1,,102.7,,99.7,,100.7,,100.9,,101.9,,96.5,,110,,,4899.2,72.81,15.64,15.99,262848.38,186274.1,9.3,10.4,14.7,20811.59,95802.01,269240.49
2005-06,30.6,15.7,56281978,65959601,96.78,100.63,,,102.08,51.7,,101.6,99.2,102.1,97.8,99.7,100,98.7,99.8,105.2,,107.2,,128,,109.7,,102.7,,99.7,,100.6,,100.7,,102.2,,97,,109,,,4935,73.94,15.94,16.01,269140.58,186178.7,9.6,11.3,15.7,20848.76,98601.25,275785.53
2005-07,28.7,12.4,55038520,65584266,105.45,100.85,,,101.97,51.1,,101.8,100,102.3,99.7,100.2,100.3,99,100.2,105.2,,107.1,,126.5,,110,,102.5,,99.8,,100.6,,100.6,,102.3,,97.1,,108.5,,,4934.9,75.34,15.99,15.73,270736.45,185859.75,9.1,11,16.3,21171.2,97674.1,276966.28
2005-08,33.2,23.2,57806688,68399603,105.93,100.86,,,101.76,52.6,,101.3,100.2,100.9,100.4,100.2,99.9,99.3,100.1,105.3,,107.3,,128.9,,110.6,,102.1,,99.7,,100.5,,100.7,,101.9,,97.1,,108.1,,,5040.8,75.64,16.86,17.06,275100.41,187756.6,9.4,11.5,17.3,21351.56,99377.7,281288.22
2005-09,25.9,23.2,62623124,70185509,75.7,101,,,101.42,55.1,,100.9,100.7,100.3,101.3,100.5,100.2,99.4,100,104.5,,106.2,,126.4,,109.1,,101.5,,99.6,,100.2,,101,,101.7,,97.2,,107.1,,,5495.2,75.94,16.74,17.22,279882.41,190941.9,8.5,11.6,17.9,22272.92,100964,287438.27
2005-10,29.7,23.4,56076019,68092010,120.16,100.92,,,101.02,54.1,,101.2,100.4,101.3,100.4,100.6,100.1,99.6,100,104,,105.6,,125.9,,108.3,,101,,99.5,,100.3,,101.2,,101.5,,96.8,,106.5,,,5846.6,77.08,15.67,16.24,281465.66,191168.27,9,12.1,18,21892.98,101751.98,287591.61
2005-11,18.6,20.9,61687216,72217762,105.31,100.84,,,100.69,54.1,,101.3,99.7,101.6,99.1,100.5,100,99.7,99.9,103.2,,104.5,,120.1,,106.9,,100.8,,99.5,,100.5,,100.6,,101.1,,97,,105.4,,,5909,77.94,15.58,15.88,285504.74,193416.93,10.9,12.7,18.3,22409.39,104125.78,292350.39
2005-12,18.2,22.2,64396023,75412367,110.1,101.04,,,100.608,54.3,,101.6,100.4,102.2,101,100.7,100.4,99.7,99.9,103.2,,104.6,,122.3,,107,,100.5,,99.5,,100.8,,100.7,,101,,96.6,,105,,,6850.4,77.61,16.33,16.36,287169.52,194690.39,11.9,11.8,17.6,24031.67,107278.57,298755.48
2006-01,28.1,25.4,55496828,64988815,94.92,100.83,,,100.76,52.1,,101.9,101.3,103.6,103.2,100.3,100.2,99.5,100.5,103.1,,104.2,,125.2,,106.4,,100.1,,99.7,,99.5,,101.4,,100.8,,97.6,,106.5,,,6641.6,76.29,17.61,17.79,291436.87,199492.05,22.1,10.6,19.2,29310.37,107250.68,303571.65
2006-02,22.2,29.5,51683718,54108294,24.24,100.94,,,101.05,52.1,,100.9,100.5,101.2,101.8,100.5,100.1,99,100.4,103,,104.2,,125.2,,106.4,,100.1,,99.6,,99,,101.7,,100.7,,97.6,,106.8,,,6001.9,76.81,17.99,18.05,297671.93,201020.25,8,12.4,18.8,24482.02,104357.08,304516.27
2006-03,28.3,21.3,66857132,78045837,111.89,100.82,,,101.46,55.3,,100.8,99,100.8,98,100.7,100.1,99.3,99.1,102.5,,103.5,,120.2,,105.6,,100,,99.7,,99.2,,101.3,,100.7,,98,,106.2,,,5796.7,76.9,17.72,18.2,305532.64,206394.59,10.5,12.7,18.8,23472.03,106737.08,310490.65
2006-04,23.9,15.5,66491355,76948177,104.57,101.36,,,101.61,58.1,,101.2,100.1,101.8,100,101,100.2,99.4,100,101.9,,102.6,,112.1,,105.4,,99.9,,99.6,,99.1,,101.2,,100.5,,98,,104.9,,,5774.6,76.37,19.4,20.98,310105.35,209555.78,11.5,12.5,18.9,24155.73,106389.11,313702.34
2006-05,25.1,21.6,60109730,73113881,130.04,101.57,,,101.87,54.8,,101.4,99.8,101.9,99.4,101.3,100.3,99.8,100.1,102.4,,103.4,,112.9,,106,,100.7,,99.6,,99.2,,101.2,,100.5,,97.9,,105.5,,,6175.6,74.72,19.67,24.63,314347.8,211649.97,12.8,14,19.1,23465.32,109219.22,316709.81
2006-06,23.3,18.7,66808300,81311219,145.03,101.64,,,102.93,54.1,,101.5,101.5,102.1,98.6,101.5,100,100.4,100.3,103.5,,104.8,,116.7,,108.5,,101.3,,99.8,,99.6,,101.2,,100.6,,97.9,,106.6,,,6057.8,75.86,19.87,25.37,318455.71,215302.59,12.6,13.9,18.4,23469.08,112342.36,322756.35
2006-07,22.6,19.4,65713514,80337153,146.23,101.39,,,103.51,52.4,,101,101,100.6,98.7,101.4,100,100.3,100.1,103.6,,104.8,,116,,108.1,,101.6,,100,,100.1,,101.2,,100.6,,98.1,,106.7,,,6012.2,75.96,19.99,23.57,319860.35,216935.55,12.2,15.3,18.4,23752.59,112653.04,324010.76
2006-08,32.8,24.6,71969897,90766001,187.96,101.16,,,103.31,53.1,,101.3,100.4,101.4,100.9,101.5,100,100.1,99.9,103.4,,104.5,,115.7,,107.3,,101.5,,100.3,,100.7,,101.3,,101,,98.1,,106.7,,,6077.4,75.85,20.34,24.53,323903.07,218836.14,13.3,15.6,17.9,24185.36,114845.67,327885.67
2006-09,30.6,22,76342474,91629488,153,100.93,,,103.14,57,,101.5,100.5,102.4,101.4,101.3,99.9,100.2,100,103.5,,104.4,,113.6,,107.2,,101.7,,100.6,,101.1,,101.6,,101.2,,98.4,,106.9,,,6553.6,76.49,21.39,25.43,327775.52,221035.86,15.3,15.7,16.8,25687.38,116814.1,331865.36
2006-10,29.6,14.7,64297517,88127371,238.29,100.94,,,103.4,54.7,,101.4,100.1,102.2,99.6,101.3,100,100.1,99.9,103,,103.8,,107.4,,106.3,,102.1,,100.6,,101.5,,101.4,,100.8,,98.2,,105.6,,,6997.7,77.17,22.84,25.57,329298.14,221205.32,14,16.3,17.1,24964.16,118359.96,332747.17
2006-11,32.8,18.3,72926488,95854497,229.28,100.69,,,103.92,55.3,,101.9,100.3,103.7,100.9,101.3,100.1,100.3,100,102.8,,103.4,,102,,105.9,,102.3,,101,,102.6,,101.3,,101.3,,98,,104.8,,,6821.7,76.61,26.09,28.9,334361.41,223141.55,13.9,16.8,16.8,25527.25,121644.95,337504.15
2006-12,24.8,13.5,73096750,94094055,209.97,101.3,,,102.96,54.8,,102.8,101.4,106.3,103.8,101.2,100.1,100.4,100,103.1,,103.6,,102.7,,106.4,,102.3,,101.5,,103.9,,101.2,,101,,98.4,,105,,,7499.2,76.19,33.3,32.72,335434.1,225285.28,12.7,17.5,16.9,27072.62,126028.05,345577.91
2007-01,33.24,27.5,70739199,86619731,158.68,101.75,,,102.42,55.1,,102.2,100.7,105,102,101.3,100.3,99.7,99.8,103.3,,103.8,,104.7,,106.7,,102.2,,101.8,,104.8,,101.4,,100.8,,98.7,,104.7,,,7488.3,77.34,38.29,38.67,340137.7,231031.18,-4.6,19.8,15.8,27949.13,128484.06,351498.77
2007-02,51.82,13.1,58339361,82095593,237.91,102.08,,,101.78,53.1,,102.7,101,106,102.7,101.4,100.3,99.6,100.4,102.6,,102.8,,98.8,,105.8,,101.9,,101.9,,105,,101.3,,101,,98.7,,104,,,7013.7,77.57,39.56,42.14,345444.4,235168.74,25.1,21,17.8,30627.93,126258.08,358659.25
2007-03,7.09,14.5,76552715,83424155,68.9,102.06,,,101.22,56.1,,103.3,99.7,107.7,99.6,101.4,100.1,100.1,99.6,102.7,,102.9,,97.8,,106.1,,102,,101.9,,105.2,,101,,100.8,,98.6,,103.7,,,6685.8,77.1,44.26,41.53,354248.28,239585.58,16.7,19.8,17.3,27387.95,127881.31,364104.66
2007-04,26.7,21.3,80604208,97449955,167.34,102.14,,,102.65,58.6,,103,99.9,107.1,99.4,101.5,100.3,99.8,99.7,102.9,,103.1,,100.5,,106.1,,102,,102.1,,105.5,,101.2,,101.1,,98.9,,103.7,,,6672.5,76.62,53.24,47.62,358746.27,243805.22,15.1,20,17.1,27813.88,127678.33,367326.45
2007-05,28.67,19.1,71590821,94065041,224.3,102.42,,,103.32,55.7,,103.4,100.3,108.3,100.6,101.6,100.5,99.5,99.8,102.8,,102.9,,100.3,,105.7,,101.8,,102.4,,106.3,,101.3,,101.2,,98.7,,103.6,,,7157.5,77.15,43.44,53.08,360327.12,246277.96,13.9,19.3,16.7,26727.97,130275.8,369718.15
2007-06,27.16,14.2,76358217,103268286,269.25,102.53,,,103.63,54.5,,104.4,100.4,111.3,101.3,101.9,100.3,98.9,99.7,102.5,,102.5,,99,,105.2,,101.6,,102.5,,106.7,,100.9,,101.4,,98.7,,103.4,,,7026,77.8,42.72,49.39,369368.28,250792.59,14.5,20.9,17.1,26881.09,135847.4,377832.15
2007-07,34.22,26.9,83387189,107744104,244.83,102.62,,,104,53.3,,105.6,100.9,115.4,102.4,102.2,100.3,98.7,99.9,102.4,,102.2,,99.9,,104.3,,101.4,,103.1,,107.8,,101,,101.8,,98.9,,103.6,,,6998.2,77.45,50.59,59.85,370953.81,253106.67,15.1,20.9,18.5,27326.26,136237.43,383884.88
2007-08,22.76,20.1,86380704,111354781,252,102.79,,,104.48,54,,106.5,101.2,118.2,103.3,102.3,100.2,98.7,99.9,102.6,,102.2,,101.4,,103.9,,101.5,,103.5,,108.6,,101.2,,101.8,,99.5,,103.8,,,7116.6,77.55,59.17,68.99,377415.95,256135.41,15,22.8,18.1,27822.39,140993.21,387205.04
2007-09,22.6,16.1,88567206,112373049,240.88,103.05,,,104.99,56.1,,106.2,100.3,116.9,100.3,102.6,100.2,98.6,99.8,102.7,,102.5,,101.2,,104.2,,101.8,,103.3,,108.2,,101,,101.9,,99.3,,103.6,,,7668.4,77.3,63.7,72.97,382981.2,258970.33,13,22.1,18.5,29030.58,142591.57,393098.91
2007-10,22.26,25.5,80673333,107723989,271.98,103.18,,,105.74,53.2,,106.5,100.3,117.6,100.2,102.9,100.3,98.3,99.7,103.2,,103.1,,105.4,,104.8,,101.9,,103.5,,108.6,,101.3,,101.9,,99.3,,104.5,,,8263,76.46,69.58,70.1,378483.7,260331.44,13.4,22.2,18.5,28317.78,144649.33,394204.17
2007-11,22.68,25.3,91339557,117620807,263.89,103.3,,,106.59,55.4,,106.9,100.7,118.2,101.4,103.1,100.3,98.6,100.3,104.6,,104.8,,115.1,,106.8,,102.4,,103.7,,109.1,,101,,102.3,,99.2,,106.3,,,8104.7,76.04,53.8,59.21,385507.14,261205.4,13.6,21.7,18.5,28987.92,148009.82,399757.91
2007-12,21.59,25.7,91728981,114415986,226.89,103.1,,,106.45,55.3,,106.5,101,116.7,102.5,103.2,100.2,98.6,100.1,105.4,,106,,122.1,,107.7,,102.9,,103.7,,108.8,,101.3,,102.4,,99.4,,108.1,,,9015.3,77.03,59.24,69.74,389371.15,261690.88,12.1,21,16.7,30334.32,152519.17,403401.3
2008-01,26.75,27.6,90174447,109640030,194.75,102.6,,,106.11,53,,107.1,101.2,118.2,103.3,103.2,100.2,98.9,100.1,106.1,,106.5,,120.5,,108.5,,103.8,,104.6,,110.4,,102.2,,103,,99.4,,108.9,,,9077.3,77.76,49.4,61.73,391551.46,269695.58,31.2,20.5,18.9,36673.15,154872.59,417846.17
2008-02,6.34,35.1,78813133,87367796,82.15,102.6,,,105.55,53.4,,108.7,102.6,123.3,107.1,103.2,100.3,98.6,100.1,106.6,,107.2,,125.3,,108.8,,104.1,,104.9,,111,,101.8,,103.4,,99.4,,109.7,,,8354.7,78.23,49.22,59.12,404927.55,272165.99,6,19,17.4,32454.47,150177.88,421037.84
2008-03,30.42,24.6,95556142,108962891,131.33,102.45,,,104.72,58.4,,108.3,99.3,121.4,98.2,103.7,100.4,98.3,99.2,108,,108.7,,129,,110.2,,105.5,,105.5,,112.3,,102,,103.8,,99.4,,111,,,8123.2,77.4,39.46,38.35,415693.11,275000.21,11.1,18,16.2,30433.07,150867.47,423054.53
2008-04,22.06,26.3,102102683,118771084,166.11,103.26,,,104.07,59.2,,108.5,100.1,122.1,99.9,103.6,100.2,98.3,99.7,108.1,,109,,127.2,,110.4,,106,,105.4,,111.9,,102.3,,103.7,,99.5,,111.8,,,8142,78.12,42.06,32.61,422275.01,279690.16,10.7,19.1,16.9,30789.61,151694.91,429313.72
2008-05,28.3,40,100286062,120496491,199.18,103.33,,,103.34,53.3,,107.7,99.6,119.9,98.7,103.3,100.1,98.4,99.8,108.2,,109.2,,125.9,,110.9,,106.3,,105.1,,111,,102.4,,103.9,,99.5,,111.9,,,8703.5,79.31,25.86,30.71,431273.96,282875.17,12.9,17.9,18.1,30169.3,153344.75,436221.6
2008-06,17.34,31,100179936,121179554,208.74,103.4,,,103.08,52,,107.1,99.8,117.3,99.2,103.1,100.1,98.9,100.2,108.8,,110.1,,129.3,,111.2,,107.2,,104.8,,109.7,,102.4,,104.1,,99.8,,113.5,,,8642,80.5,20.63,23.51,438989.25,286199.38,12.3,14.2,17.4,30181.32,154820.15,443141.02
2008-07,26.9,33.7,111397147,136675046,254.25,102.8,,,102.36,48.4,,106.3,100.1,114.4,99.9,103.1,100.2,99.7,100.8,110,,111.7,,134.1,,114.3,,107.7,,104.6,,109.1,,102.4,,104.3,,99.8,,115.4,,,8628.8,80.67,20.91,24.76,443671.51,290016.98,12.3,14,16.4,30687.19,154992.44,446362.17
2008-08,21.51,23.1,106178493,134872675,293.88,101.9,,,101.78,48.4,,104.9,99.9,110.3,99.6,102.9,100,99.8,100,110.1,,112,,135.1,,114.4,,107.9,,104,,107.4,,102.4,,104.3,,99.6,,115.3,,,8767.7,82.68,18.11,19.74,450172.32,292732.36,10.9,11.5,16,30851.62,156889.92,448846.68
2008-09,21.72,21.3,107065274,136432088,299.67,100.8,0.946318,,101.15,51.2,,104.6,100,109.7,99.7,102.6,100,99.8,99.8,109.1,,110.8,,130.1,,113,,107.3,,103.7,,106.8,,102.1,,104,,99.6,,114,,,9446.5,84.93,18.66,18.41,454941.54,296477.09,9.3,9.4,15.3,31724.88,155748.97,452898.71
2008-10,19.29,15.6,93087686,128327028,357.84,99.1,0.785443,,99.68,44.6,,104,99.7,108.5,99.1,102.4,100.1,100,99.8,106.6,,107.7,,122.7,,109,,105.1,,103.1,,105.4,,102.6,,103.6,,99.6,,111,,,10082.7,88.89,14.07,13.95,458331.49,298295.65,10.6,8.9,15,31317.84,157194.36,453133.32
2008-11,-2.22,-17.9,74897470,114987285,403.28,97.6,0.489305,,98.46,38.8,,102.4,99.2,105.9,99,102,99.9,99.3,99.6,102,,102,,106.6,,100.4,,102.1,,102.1,,103.3,,102.3,,102.9,,99.5,,104.7,,,9790.8,91.09,15.22,16.05,462369.22,295749.55,9,6.8,14.8,31607.36,157826.63,458644.66
2008-12,-2.93,-21.3,72177186,111157222,390.09,95.5,0.054224,,96.46,41.2,,101.2,99.8,104.2,100.8,101.7,100,98.6,99.4,98.9,,98.1,,93,,96.1,,99.7,,101.2,,101.7,,101.9,,102.1,,99,,98.7,,,10728.5,88.85,14.85,16.72,466203.32,303394.64,12.7,9.1,17.8,34218.96,166217.13,475166.6
2009-01,-17.56,-43.1,51344264,90453600,391.13,94.5,-0.321006,92.483908,,45.3,,101,100.9,104.2,103.3,101.6,100.2,97.5,98.9,96.7,,95.6,,86.8,,93.2,,97.8,,100.1,,100.2,,100.9,,101,,98.5,,94.7,,,10756.6,89.6,16.25,18.65,481592.11,319921.84,12,6.7,18.8,41082.37,165214.34,496135.31
2009-02,-25.75,-24.1,60053658,64894649,48.07,94,-0.737507,91.765438,94.86,49,,98.4,100,98.1,100.8,101.3,100.2,97,99.7,95.5,,94.3,,82.6,,91.6,,97,,99.6,,99.3,,100.6,,100.6,,98.1,,92.9,,,9323.8,91.99,17,20.06,498100.3,330637.71,8.3,10.9,20.5,35141.64,166149.6,506708.07
2009-03,-17.23,-25.1,71729112,90290547,183.68,94.4,-0.944967,93.723786,94.74,52.4,,98.8,99.7,99.3,99.4,101,100.1,97.5,99.7,94,,92.6,,80.1,,89.8,,95.5,,98.6,,97.9,,99.9,,100,,97.5,,91.1,,,9317.6,92.56,19.36,24.97,522618.72,349554.82,10.9,17,25.5,33746.42,176541.13,530626.71
2009-04,-22.76,-23,78799687,91934722,129.4,94.9,-0.897102,94.720978,94.76,53.5,,98.5,99.8,98.7,99.2,100.9,100.1,97.8,100,93.4,,91.9,,78.5,,89.7,,94.6,,98.3,,97.3,,99.9,,99.6,,97.3,,90.4,,,9343.2,90.83,20.2,30.19,532941.05,355472.82,11.3,17.5,26,34257.27,178213.57,540481.21
2009-05,-26.51,-25.2,75369356,88757886,130.34,95.4,-0.838917,94.780497,95.94,53.1,,98.6,99.7,99.4,99.4,100.9,100.1,97.7,99.8,92.8,,91.2,,78.2,,89.1,,93.8,,98.1,,97.2,,99.8,,99.2,,97,,89.6,,,10028.4,88.31,22.42,32.11,546300.02,362141.69,11.2,18.7,25.7,33559.52,182025.58,548263.51
2009-06,-21.32,-13.2,87159545,95411208,79.47,95.9,-0.933835,98.630801,96.55,53.2,,98.3,99.5,98.9,98.7,100.9,100.2,97.6,100.1,92.2,,90.4,,76.5,,89,,92.8,,97.9,,97,,99.8,,98.6,,97.1,,88.8,,,9941.6,87.21,25.3,35.2,566288.11,377446.12,11.5,24.8,28.5,33640.98,193138.15,568916.2
2009-07,-22.98,-14.9,94790583,105420240,102.4,96.5,-0.842953,98.72966,98.01,53.3,,98.2,100,98.8,99.8,100.7,100,97.3,100.5,91.8,,89.9,,76.2,,87.9,,92.6,,97.7,,96.9,,99.4,,98.1,,97.2,,88.3,,,9936.5,86.76,29.41,41.01,570390.73,381137.61,11.6,26.4,28.4,34239.3,195889.27,573102.85
2009-08,-23.43,-17,87995234,103707009,154.2,97.3,-0.603922,102.371224,100.08,54,,98.8,100.5,100.5,101.3,100.9,100.1,97.1,99.7,92.1,,90.3,,74.1,,88.5,,93.1,,98.1,,97.7,,99.6,,98.2,,97.7,,88.6,,,10115.6,86.02,23,32.92,573939.55,385241.19,11.5,27.7,28.5,34406.62,200394.83,576698.95
2009-09,-15.28,-3.5,103005871,115937994,126.66,98.1,-0.4494,103.96184,101.08,54.3,,99.2,100.4,101.5,100.7,101.1,100.2,97.4,100.1,93,,91.4,,79.7,,89.9,,93.6,,98.2,,98,,99.7,,98.1,,97.6,,89.9,,,10912.8,84.83,24.07,34.79,583987.21,390407.85,16,29.5,29.3,36787.89,201708.14,585405.34
2009-10,-13.92,-6.4,86774749,110762383,237.94,99.4,-0.444972,108.952989,102.03,55.2,,99.5,99.9,101.6,99.2,101.2,100.2,97.3,99.8,94.2,,92.8,,83.7,,91.7,,94.4,,98.6,,98.8,,99.2,,98.5,,97.9,,91.6,,,11717.6,83.62,25.98,39.58,586884.01,392937.64,14.1,32,29.4,35730.23,207545.74,586643.29
2009-11,-1.15,26.7,94560431,113653429,189.68,100.4,-0.523283,118.657598,102.78,55.2,,100.6,100.3,103.2,100.5,101.6,100.3,97.8,100.1,97.9,,97.3,,95.9,,98.3,,97.1,,99.8,,100.6,,101.1,,98.9,,98.4,,96.4,,,11339,83.07,27.89,44.8,592719.76,395885.31,15,36.6,29.7,36343.86,212493.2,594604.72
2009-12,17.73,55.9,112293713,130723881,183.91,102.1,-0.492603,120.728122,103.66,56.6,,101.9,101,105.3,102.9,102.2,100.5,98.5,100.1,101.7,,102,,117.6,,103.6,,99.3,,100.8,,102.6,,101.7,,99.6,,98.6,,103,,,12610,83.7,28.73,46.01,597741.1,399684.82,11.8,32.4,27.7,38246.97,221445.81,610224.52
2010-01,21,85.5,95307047,109475299,139.6,103.2,-0.478643,121.157075,,55.8,,101.5,100.6,103.7,101.8,102.3,100.3,99.5,99.9,104.3,,105.5,,131.4,,108.6,,100.8,,100.6,,102.2,,101,,100,,98.2,,108,,11292.5,12718.1,84.02,26.21,43.08,612877.26,413679.6,-0.8,39,26,40758.58,229588.98,625609.29
2010-02,45.63,44.7,86910333,94522714,73.37,104,-0.392057,121.941798,105.47,52,,102.7,101.2,106.2,103.3,102.4,100.3,100.1,100.4,105.4,,106.8,,137.6,,110.1,,101.3,,101,,102,,102.6,,100.6,,98.6,,110.3,,10953.4,12334.2,85.19,26.88,44.44,622436.84,420678.38,22,35,25.5,42865.79,224286.95,636072.26
2010-03,24.21,66,119348092,112111793,-74.08,104,-0.400579,119.699051,105.89,55.1,,102.4,99.3,105.2,98.5,102.5,100.2,100,99.6,105.9,,107.4,,130.3,,112.2,,102.3,,101.2,,102.3,,101.5,,100.9,,99.5,,111.5,,10050.9,11321.7,84.97,27.51,39.81,638090.42,425785.27,15.8,29.9,22.5,39080.58,229397.93,649947.46
2010-04,30.38,49.7,118239462,119920666,14.1,103.8,-0.406141,119.994913,105.66,55.7,,102.8,100.2,105.9,99.9,102.8,100.3,100,99.9,106.8,,108.5,,130.9,,113.6,,103.3,,101.4,,102.6,,101.6,,101.4,,99.4,,112,,10245,11510.4,85.04,25.37,35.71,649915.56,433525.27,15.8,31.3,21.5,39657.54,233909.76,656561.22
2010-05,48.44,48.3,112227749,131760663,194.49,103.3,-2.322897,116.897371,105.07,53.9,,103.1,99.9,106.1,99.5,103.2,100.5,100.1,99.9,107.1,,108.8,,131.1,,113.8,,103.6,,101.8,,103.2,,101.9,,101.7,,99.7,,112.2,,11021.4,12455.1,87.3,19.9,33.72,660756.78,440018.15,15.2,29.9,21,38652.97,236497.88,663351.37
2010-06,43.87,34.1,117373726,137395578,201.86,102.6,-1.989937,111.321501,105.06,52.1,,102.9,99.4,105.7,98.4,103.2,100.2,99.7,99.7,106.4,,107.8,,125.5,,111.8,,103.7,,102,,103.3,,101.9,,102.1,,99.7,,110.8,,10925.3,12329.9,88.31,18.46,31.05,674098.03,446045.62,15.7,24.6,18.5,38904.85,240580,673921.72
2010-07,37.99,22.7,116788934,145519322,285.44,102.1,-0.15261,109.989397,104.72,51.2,,103.3,100.4,106.8,100.9,103.3,100.1,99.3,100.1,104.8,,105.7,,115.2,,108.7,,103.1,,102.1,,103.6,,102,,102.2,,99.8,,108.5,,10838.5,12252.8,86.95,19.85,35.51,675706.88,451372.55,15.5,22.9,17.6,39543.16,240664.07,674051.48
2010-08,34.32,35.2,119266152,139302230,197.56,101.8,-0.375553,111.433969,104.11,51.7,,103.5,100.6,107.5,102,103.3,100.1,99.4,99.9,104.3,,105,,114.8,,107.8,,102.5,,102.2,,104,,101.7,,102.2,,99.6,,107.5,,11099.3,12569.8,85.72,19.85,39.09,686463.53,456818.62,16,21.9,19.2,39922.76,244340.64,687506.92
2010-09,25.08,24.1,128110304,144985285,165.63,101.9,-0.05412,108.29614,103.52,53.8,,103.6,100.6,108,101.2,103.4,100.3,99.3,99.9,104.3,,104.9,,110.4,,107.1,,103.2,,102.5,,104.7,,101.8,,102.1,,99.8,,107.1,,11970.5,13536.5,85.42,20.01,39.51,701024.48,462822.64,13.8,20.9,19,41854.41,243821.9,696471.5
2010-10,22.84,25.3,108832701,135978419,268.06,102.4,-0.153032,107.907804,103.57,54.7,,104.4,100.7,110.1,101.1,103.7,100.5,99.5,100,105,,105.8,,111.8,,108.5,,103.8,,102.6,,105.3,,101.8,,102.2,,99.3,,108.1,,12604.1,14284.8,83.82,22.61,44.47,702793.71,468699.94,16.6,22.1,19.3,41646.21,253313.17,699776.74
2010-11,34.86,37.7,130435945,153325762,222.94,102.8,-0.019506,109.092196,103.2,55.2,,105.1,101.1,111.7,102,104,100.7,99.3,100,106.1,,106.9,,114.6,,109.8,,104.7,,103.3,,106.2,,102.7,,103.1,,99.3,,109.7,,12309.7,13910.9,84.49,21.52,44.88,708784.3,474389.23,16.3,22.1,19.5,42252.16,259420.32,710339.03
2010-12,17.87,25.6,141068833,154148895,126.08,103.6,0.681676,107.179284,101.79,53.9,,104.6,100.5,109.6,100.9,104,100.4,99.3,100.1,105.9,,106.7,,112.6,,108.9,,104.9,,103.5,,105.9,,103.3,,103.9,,99.7,,109.5,,13607.6,15329.5,85.46,21.61,44.69,718237.93,479195.55,16.7,21.2,19.7,44628.17,266621.54,725851.79
2011-01,37.64,51,144273210,150734151,57.82,102.8,0.875664,115.086216,,52.9,,104.9,101,110.3,102.8,103.2,100.3,99.9,100.5,106.6,100.9,107.5,101,113.7,102.3,110,101.3,105.8,100.7,103.8,100.5,106.6,101,103.8,100.5,104.2,100.5,99.2,99.9,109.7,101.2,13562.2,15249,85.28,21.64,41.16,712828.05,483493.87,42.5,13.6,17.2,58063.94,261765.01,733884.83
2011-02,2.35,19.4,104063964,96736127,-78.73,103,1.07694,117.282942,102.9,52.2,,104.944,101.235,111,103.7,103,100.2,99.7,100.1,107.2,100.8,108.2,101,114.3,102.1,110.6,101.2,106.6,100.8,104.1,100.3,107.3,100.7,103.9,100.1,104.3,100.4,99.2,99.9,110.4,101.2,12214.6,13769.1,84.91,22.57,43.72,726017.64,488870.98,10.3,14.5,15.7,47270.24,259200.5,736130.86
2011-03,35.76,27.3,152060308,152199071,-1.9,102.5,0.753343,116.302772,102.98,53.4,,105.383,99.793,111.7,99,103.2,100.2,100.1,100,107.3,100.6,108.2,100.7,116.8,101.8,110.5,101.1,106.4,100.4,104.4,100.4,108,100.4,104.1,100.5,104.5,100.5,99.1,100.2,110.5,101,12082,13588,84.36,22.78,35.26,752838.4,494740.7,14.8,15,16.6,44845.22,266255.48,758130.88
2011-04,29.82,21.8,144263081,155684084,112.22,103.1,0.991312,113.74119,103.19,52.9,,105.344,100.138,111.5,99.6,103.2,100.3,100.5,100.4,106.8,100.5,107.5,100.6,117.4,102.6,109.9,101.1,105.5,100.2,104.6,100.4,108.4,100.5,104.5,100.6,104.4,100.3,99.4,100.1,110.4,101,12152.3,13649,83.71,22.75,31.45,756262.39,502170.76,14.7,12.9,15.3,45489.03,266766.91,757384.56
2011-05,19.28,28.4,144110223,157157191,129.29,102.9,1.178239,115.31378,103.2,52,,105.515,100.074,111.7,99.7,103.2,100.4,100.7,100.1,106.8,100.3,107.5,100.4,117.1,102.2,109.9,100.5,105.4,100.1,104.6,100.2,108.3,100.2,104.4,100.1,104.4,100.3,99.5,100.1,110.2,100.5,13057.4,14696.8,83.89,16.33,29.14,767339,507686.31,15.4,12.7,15.1,44602.83,269289.63,763409.22
2011-06,17.88,19.3,139708198,161980774,221.93,102.9,1.68868,115.876248,101.75,50.9,,106.355,100.277,114.4,100.9,103.4,100.3,100.9,99.9,107.1,100,107.9,99.9,116.7,99.1,111.1,100.1,105.6,99.9,104.6,100.1,108.5,100.3,104.4,100.2,104.2,100.2,99.5,99.8,110.5,100.2,12904.4,14565.1,84.04,16.48,30.14,786432.56,514025.54,14.4,13.1,15.9,44477.8,274662.57,780820.85
2011-07,20.43,22.9,143644427,175128036,301.36,102.9,1.669176,115.383901,101.5,50.7,,106.451,100.463,114.8,101.2,103.6,100.3,100.9,100,107.5,100,108.4,100,118.1,99.7,112.1,100,105.8,100,104.8,100.2,108.6,100.5,104.5,100.2,104.5,100.2,99.5,100,111,100.1,12780.9,14408,83.91,16.14,30.87,779731.73,518941.36,14.3,11.6,14.7,45183.1,270545.65,772923.65
2011-08,24.42,30.2,155556739,173315697,178.55,102.7,1.580489,114.263376,101.12,50.9,,106.151,100.308,113.4,100.6,104.1,100.6,101,100,107.3,100.1,108,100.1,118.8,100.8,111.6,100.2,105.4,99.9,104.8,100.3,108.3,100.4,104.6,100.3,104.7,100.3,99.7,100,110.6,100.2,12988.4,14705,84.52,15.41,30.07,786797.56,524425.79,14.7,11.2,13.6,45775.29,273393.77,780852.3
2011-09,17.01,20.9,155159080,169673012,145.86,102.5,1.741656,112.950518,100.41,51.2,,106.067,100.468,113.4,101.1,104.1,100.2,101,99.9,106.5,100,107.1,99.9,117.2,99.9,110.6,100,104.6,99.9,104.6,100.3,108.2,100.6,104.5,100.3,104.4,100.2,99.4,99.8,110,100.1,14051,15865.1,87.01,14.19,26.46,794100.44,529118.34,12.7,8.9,13,47145.29,267193.16,787406.2
2011-10,15.77,28.7,140457698,157490772,171.34,102,1.691308,114.946134,100.27,50.4,,105.495,100.093,111.9,99.8,103.5,99.9,100.8,99.7,105,99.3,105.2,99.2,115.1,99.2,107.9,98.9,103.1,99.3,104.2,100,107.4,100,104.5,100.2,103.9,99.8,99.7,100,108,99.3,14601.6,16546.4,88.14,14.96,27.47,791884.98,534986.76,11.9,8.4,12.9,46579.39,276552.67,816829.25
2011-11,13.77,22.1,159935995,174464123,146.64,100.9,1.685184,112.722231,99.87,49,,104.225,99.811,108.8,99.2,103.2,100.2,100.5,99.8,102.7,99.3,102.6,99.1,110.6,98.6,104.1,99,101.1,99.3,103.1,99.9,105.2,99.8,103.8,100.2,102.8,99.7,99.6,99.9,105.1,99.3,14264.1,16128.9,88.8,14.17,26.3,795113.97,540616.2,12,7.8,12.7,47317.26,281416.37,825493.94
2011-12,13.32,11.8,158196889,174717651,164.6,99.3,1.966172,110.990299,98.89,50.3,,104.07,100.312,109.1,101.2,102.8,99.9,100.3,99.9,101.7,99.7,101.4,99.6,109.4,100.7,102.9,99.5,100,99.5,102.5,99.9,104.3,99.9,103.6,100.3,102.1,99.8,99.5,99.8,103.5,99.6,15743.1,17739.7,90.01,13.4,23.11,809368.33,547946.69,13.8,7.9,13.6,50748.46,289847.7,851590.9
2012-01,-0.55,-15.3,122661227,149939113,270.14,98.6,2.056051,107.324878,,50.5,,104.5,101.5,110.5,104.2,102.6,100.1,100.2,100.4,100.7,99.9,100.3,99.9,106.1,99.2,101.7,100.2,99.1,99.8,102.1,100.1,103.5,100.2,103.1,100.1,101.6,100,99.8,100.2,102,99.7,,,90.33,14,22.77,801385.32,555253.05,3,3.2,12.4,59820.72,270010.4,855898.89
2012-02,18.34,39.6,145954014,114470693,-320.02,98.8,1.878064,106.68612,97.89,51,,103.2,99.9,106.2,99.7,102.7,100.3,100.1,100.1,100,100.1,99.5,100.2,104.7,100.7,101.2,100.7,98.2,99.9,101.7,99.9,102.6,99.9,103.1,100.1,101.5,100.2,99.6,99.6,101,100.1,,,89.22,14.86,25.33,817398.08,562360.4,8.8,4.3,13,51448.78,270312.11,867171.42
2012-03,8.84,5.3,160310799,165658100,51.83,98.6,1.551501,106.234855,96.92,53.1,,103.6,100.2,107.5,100.2,102.5,100.1,100.3,100.2,99.7,100.3,99.2,100.3,103.7,100.8,100.8,100.8,98,100.1,101.4,100.1,102.4,100.2,102.6,100.1,101.2,100.3,99.3,99.9,100.1,100.1,13940.6,15650.2,89.89,13.86,22.22,846931.7,572474.82,10.6,4.4,13.4,49595.74,277998.11,895565.5
2012-04,4.84,0.3,144824524,163251712,185.55,97.9,1.532439,105.877158,95.62,53.3,,103.4,99.9,107,99.1,102.5,100.2,100.3,100.4,99.3,100.2,98.8,100.2,102.2,101.2,100.1,100.4,97.8,100,101.1,100.1,102.2,100.3,102.1,100.2,101.1,100.2,98.9,99.7,99.2,100,13914,15603.1,90.15,14.7,22.77,842275.28,579292.11,10.4,3.1,12.8,50199.32,274983.82,889604.04
2012-05,15.27,12.7,162441440,181140762,181.85,97.5,1.251482,106.308502,94.9,50.4,,103,99.7,106.4,99.2,102.1,100.1,99.9,99.7,98.6,99.6,97.9,99.5,98.5,98.6,98.9,99.2,97.4,99.8,100.9,100,101.8,99.9,102.1,100,101,100.2,98.8,100,98.4,99.7,14870.7,16714.8,91.1,12.66,23.53,854499.67,587224.43,10,3.5,13.2,49039.72,278656.31,900048.77
2012-06,11.08,6.3,148482365,180204470,316.49,97.3,0.880558,103.286301,94.71,50.2,,102.2,99.4,103.8,98.4,101.9,100.1,99.6,99.5,97.9,99.3,97.1,99.1,97.1,97.7,97,98.2,97.1,99.6,100.7,100,101.3,99.8,102.1,100.2,100.9,100.1,98.8,99.9,97.5,99.2,14708.4,16584.9,91.47,11.9,22.56,883068.72,596422.59,10.8,4.7,13.6,49284.64,287526.17,924991.2
2012-07,1.01,4.7,151793278,176940032,253.01,96.9,1.097549,101.158377,94.57,50.1,,101.8,100.1,102.4,99.9,101.8,100.1,99.1,99.6,97.1,99.2,96.1,99,93.8,96.3,95.5,98.5,96.6,99.5,100.4,100,100.8,100,101.9,100,100.6,99.9,98.8,100,96.6,99.2,14486,16314.9,91.21,11.28,20.96,878062.3,601823.8,10,4.6,13.9,49705.85,283090.68,919072.4
2012-08,2.67,-2.6,151312746,177973297,264.18,96.8,1.206755,97.752715,94.64,49.2,,102,100.6,103.4,101.5,101.3,100.1,99.2,100.1,96.5,99.5,95.4,99.3,91.7,98.5,94.8,99.4,96.1,99.3,100.2,100,100.5,100.1,101.7,100,100.3,99.9,98.8,100,95.9,99.5,14722.7,16658.9,90.76,11.03,20.68,883106.28,608863.25,9.7,4.5,13.5,50235.06,285739.27,924894.59
2012-09,9.75,2.4,158680480,186349509,274.64,97.2,1.152062,98.248283,94.39,49.8,,101.9,100.3,102.5,100.2,101.4,100.3,99.8,100.4,96.4,99.9,95.3,99.9,92.2,100.4,95,100.3,95.8,99.6,100.1,100.2,100.3,100.4,101.6,100.2,100.3,100.2,98.9,99.9,95.9,100.1,16155.1,18226.6,90.06,11.25,21.12,899647.06,615089.48,13.3,7.3,14.8,53433.49,286788.21,943688.75
2012-10,11.54,2.4,143524416,175571102,320.7,97.6,1.047681,99.476603,94.56,50.2,,101.7,99.9,101.8,99.2,101.8,100.2,100.1,100.1,97.2,100.2,96.3,100.2,93.6,100.7,96.6,100.5,96.5,100,100.2,100.1,100.3,100,101.6,100.1,100.5,100,99,100.1,96.7,100.1,16726.5,18933.8,90.45,11.17,20.93,896846.62,620143.19,10.5,6.1,14.1,51467.71,293309.78,936404.28
2012-11,2.84,0,159747492,179380767,194.81,98.2,1.187425,101.23269,95.71,50.6,,102,100.1,103,100.4,101.6,100.1,100,99.7,97.8,99.9,97,99.9,94.7,99.8,97.3,99.7,97.1,99.9,100.3,100,100.5,100,101.5,100.1,100.6,99.8,99.1,100,97.2,99.8,16361.7,18476.7,91.61,10.71,18.66,901585.93,625363.56,10.7,5.5,13.9,52392.12,296883,944832.4
2012-12,14.02,6,167611245,199229682,309.91,98.3,1.178347,102.427779,95.59,50.6,,102.5,100.8,104.2,102.4,101.7,100,100,99.8,98.1,99.9,97.3,99.9,93.9,99.9,97.6,99.8,97.5,99.9,100.5,100.1,100.9,100.3,101.3,100.1,100.8,100,99.2,100,97.6,99.9,18047,20334.2,91.27,12.3,22.02,917554.77,629909.64,7.7,6.5,13.8,54659.81,308672.99,974159.46
2013-01,24.97,28.8,158219313,187365572,280.89,98.1,1.008427,106.975729,,50.4,,102.0305,101.0103,102.8839,102.8031,101.7561,100.1095,99.7383,100.1039,98.4,100.2,97.6,100.2,95,100.4,97.8,100.4,97.8,100.1,100.7,100.3,101.3,100.6,101.5,100.3,100.9,100.1,99,100,98.1,100.3,,,91.88,12.97,23.47,929345.33,640766.52,4.4,15.3,15.9,62449.63,311228.55,992129.25
2013-02,21.76,-15.2,124141775,139367235,148.83,97.4,0.89402,100.05052,97.92,50.1,,103.2198,101.0564,105.9872,102.6709,101.7899,100.2894,100.2258,100.5458,98.4,100.2,97.6,100.2,94.8,100.5,97.4,100.3,98,100.1,100.7,100,101.6,100.1,101.5,100,100.6,99.9,99.2,99.8,98.1,100.2,,,92.57,12.9,24.16,937065.14,646966.4,17.2,9.5,15.2,60313.65,296103.24,998600.83
2013-03,9.98,14.1,183013097,182189999,-9.06,97.8,0.879392,101.625416,97.56,50.9,,102.0696,99.0868,102.6775,97.0836,101.6873,99.9749,99.7359,99.7036,98.1,100,97.3,100,94.4,100.4,96.8,100.1,97.9,99.9,100.5,99.9,101.2,99.8,101.4,99.9,100.3,99.9,99.2,99.9,98,99.9,15780.6,17641.2,94.06,12.19,23.9,979300.53,657591.82,11.8,11.8,15.7,55460.52,310898.29,1035858.37
2013-04,14.59,16.8,168899994,187061474,183.62,97.8,0.881533,100.251201,97.35,50.6,,102.3861,100.2351,104.0474,100.4014,101.496,100.0259,98.8985,99.5506,97.4,99.4,96.5,99.3,91.8,98.4,95.2,98.7,97.5,99.7,100.3,99.9,100.6,99.7,101.3,100.1,100.1,100,99.4,99.9,97.3,99.4,15778.5,17600.3,94.83,11.89,23.91,978299.69,665514.79,10.8,11.9,16.1,55607.15,307648.42,1032551.9
2013-05,0.91,-0.3,162341158,182766116,206.59,97.6,0.840372,97.106155,97.26,50.8,,102.0981,99.4403,103.225,98.4373,101.4912,100.0676,98.813,99.6182,97.1,99.4,96.2,99.3,91,97.7,94.9,98.9,97.3,99.6,100.1,99.8,100.4,99.7,101.2,100,99.7,99.8,99.2,99.7,97,99.4,16862.8,18886.3,96.27,11.81,27.23,993113.83,672208.97,11,11.3,15.8,54431.39,310204.48,1042169.16
2013-06,-3.11,-0.7,147191392,174315796,272.67,97.7,1.231241,96.980418,97.29,50.1,,102.6684,100.0049,104.9261,100.0058,101.3797,100.032,99.2839,100.0202,97.3,99.4,96.5,99.3,91.5,98.1,95.8,99.2,97.3,99.5,100,99.8,100.4,99.8,101,100,99.5,99.9,99.2,99.9,97.4,99.5,16767.4,18826.7,96.51,10.17,23.25,1009122.27,680837.17,9.7,9,14,54063.91,313499.82,1054403.69
2013-07,5.09,10.9,168173366,185991317,177.58,98.1,1.039682,100.690722,97.39,50.3,,102.6741,100.1036,105.0158,99.9612,101.2199,99.9665,99.9451,100.2602,97.7,99.7,97,99.6,94,99,96.8,99.4,97.4,99.7,100,100,100.4,100,101,100,99.5,99.9,99.1,99.9,97.8,99.6,16514.1,18513.2,97.3,10.26,24.62,1006548.49,687834.5,9.5,9.7,14.5,54412.78,310596.46,1052212.34
2013-08,7.1,7,162089547,190608317,281.33,98.4,1.046671,101.775471,97.29,51,,102.5666,100.465,104.7285,101.2338,101.2219,100.1375,100.0493,100.1653,98.4,100.1,97.9,100.2,95.8,100.4,97.6,100.3,98.2,100.1,100,100,100.5,100.2,101.1,100.1,99.6,100,99,99.8,98.4,100.1,16761.4,18886.2,97.16,10.8,25.99,1014623.66,694962.17,9.3,9.9,14.7,54925.35,314085.91,1061256.43
2013-09,-0.43,7.4,170426362,185643576,147.53,98.5,0.949753,99.607274,97.25,51.1,,103.0519,100.8128,106.0988,101.5456,101.1034,100.1779,99.8283,100.2095,98.7,100.2,98.3,100.3,96,100.6,98,100.6,98.6,100.1,99.9,100.1,100.4,100.3,101,100.2,99.4,100,99.1,100,98.4,100.2,18394.2,20653.3,96.93,11.2,27.52,1030891.62,702832.25,5.7,8.9,14.2,56492.53,312330.34,1077379.16
2013-10,5.57,7.6,154298864,185405576,310.35,98.4,1.10277,99.9894,96.88,51.4,,103.2058,100.0574,106.5486,99.5908,100.9731,100.069,99.389,99.6837,98.5,100,98,100,95.9,100.7,97.4,99.9,98.5,99.9,100,100.1,100.5,100.1,101.2,100.3,99.4,100,98.9,100,98.4,100.1,19069.8,21491.3,95.87,11.05,26.6,1026864.61,707891.86,8,8.9,14.3,55595.72,319509.38,1070242.17
2013-11,12.68,5.3,168403885,202204803,337.53,98.3,1.158112,99.488055,96.38,51.4,,103.018,99.9355,105.9414,99.7795,100.9775,100.0881,99.4688,99.7689,98.6,100,98.1,99.9,95.8,99.7,97.6,99.8,98.6,100,100.1,100.1,100.8,100.2,101.2,100.1,99.6,100,99,100,98.5,100,18697.7,21011.9,97.02,11.47,28.44,1032336.46,714137.43,7.7,9.4,14.2,56441.27,324821.92,1079257.06
2013-12,4.15,8.3,182101573,207742423,252.29,98.2,1.796688,99.678768,97.21,51,,102.4987,100.2813,104.0532,100.6127,100.9104,99.9691,99.898,100.2736,98.6,100,98.2,100,96,100,98,100.2,98.6,99.9,100,100,100.6,100.1,101.1,100,99.6,100,98.9,99.9,98.6,100,20581.2,23059.7,97.71,10.99,27.76,1043846.86,718961.46,7.1,9.3,13.6,58574.44,337291.05,1106524.98
2014-01,10.54,10,175262820,207132123,320.2266,97.9,1.882473,98.723915,,50.5,,102.4861,100.9979,103.6718,102.4263,101.1479,100.3451,100.1975,100.404,98.4,99.9,98,100,96,100.4,97.5,100,98.3,99.9,99.7,99.9,99.9,99.9,100.7,99.9,99.5,100,98.8,99.9,98.3,99.9,,,98.88,10.57,28.43,1034418.22,732144.36,22.5,1.2,13.2,76488.6,314900.55,1123521.21
2014-02,-18.13,10.1,137082488,114093694,-225.6897,97.6,1.716903,97.787746,96.91,50.2,,101.9511,100.5288,102.6508,101.6598,101.0348,100.1772,99.5873,99.9334,98,99.8,97.5,99.7,94.7,99.1,96.8,99.5,98,99.8,99.7,100,99.7,99.9,100.8,100.1,99.7,100.1,98.9,100,97.9,99.7,,,98.26,10.73,28.58,1054363.65,738592.59,3.3,6.9,13.3,62320.95,316625.11,1131760.83
2014-03,-6.64,-11.3,162404693,170107988,79.8465,96.7,1.385716,93.837908,96.4,50.3,,102.3848,99.5083,104.0724,98.4281,101.1708,100.1095,99.605,99.7213,97.7,99.7,97,99.6,93.3,99,96.2,99.5,97.8,99.7,99.8,100,99.8,99.9,100.8,100,99.9,100.2,99.1,100,97.5,99.5,17750.2,19800.6,96.39,10.65,25.21,1091022.27,749089.78,5.2,5.4,12.1,58329.3,327683.74,1160687.38
2014-04,0.81,0.8,170087977,188540548,186.6366,96.9,1.415252,95.205727,95.79,50.4,,101.8014,99.6639,102.2862,98.6781,101.1917,100.0466,100.0524,99.9978,98,99.8,97.4,99.7,93.9,99,96.9,99.5,97.9,99.8,99.9,100,100.1,100,100.7,100,99.9,100.1,99.2,100.1,97.7,99.6,17684.3,19701.2,95.06,10.65,24.02,1084476.56,756835.15,5.4,5.5,13.2,58615.54,324482.52,1168812.67
2014-05,7.07,-1.6,159551189,195472920,362.3939,97.2,1.186723,95.063275,95.02,50.8,,102.4773,100.1006,104.102,100.1848,101.2456,100.1208,100.5781,100.1417,98.6,99.9,98.1,99.9,95.1,99,98,99.9,98.4,100,100.2,100,100.4,100,100.8,100,100.2,100,99.4,99.9,98.2,99.9,19003.2,21249.8,94.56,9.77,24.69,1098187.07,765543.54,6.7,5.7,13.4,58051.11,327839.56,1182293.96
2014-06,7.19,5.5,155223841,186788537,318.9417,97.3,1.067267,96.893232,94.84,51,,102.3361,99.8671,103.6831,99.6033,101.2775,100.0636,100.6425,100.0842,98.9,99.8,98.5,99.7,96,99,98.5,99.8,98.7,99.8,100.2,99.9,100.7,100,100.8,100,100.3,100,99.1,99.6,98.5,99.9,18905.8,21166.4,94.9,9.81,25.77,1136074.65,776336.66,5.3,8.9,14.7,56951.05,341487.45,1209587.2
2014-07,14.43,-1.6,165590512,212891063,473.5299,97,1.162012,96.587885,94.82,51.7,,102.2852,100.0538,103.598,99.8792,101.4265,100.1135,100.6774,100.295,99.1,99.9,98.8,99.9,96.6,99.6,99.2,100.1,98.8,99.8,100.3,100,100.7,100,100.7,100,100.4,100,99.1,99.9,98.9,100,18589.2,20775.8,95.33,10.59,27.26,1116247.35,780188.63,5.4,6.7,13.5,57346.5,331347.32,1194249.24
2014-08,9.36,-2.4,158629387,208465863,498.7612,96.6,1.040997,94.636224,94.79,51.1,,101.9909,100.1759,103.0457,100.6941,101.3899,100.1013,100.1774,99.6678,98.8,99.8,98.3,99.7,95.6,99.3,98.5,99.6,98.5,99.8,100.2,100,100.6,100.1,100.7,100,100.4,100,99.2,99.9,98.6,99.9,18830.4,21133.9,96.94,10.69,28.47,1117327.47,787214.13,5.6,5.7,12.8,57997.61,332023.23,1197499.08
2014-09,15.24,7,182724108,213687462,312.1331,96.3,0.906165,94.57936,94.72,51.1,,101.6275,100.4537,102.3228,100.8332,101.2448,100.0345,99.6575,99.6894,98.2,99.6,97.6,99.5,93.3,98.3,97.3,99.4,98.2,99.7,100.1,100,100.3,100,100.7,100.2,100.4,99.9,99.2,99.9,98.1,99.6,20587.3,23042.4,98.96,11.49,31.5,1126570.37,795786.02,4.2,4.8,12.9,58844.99,327220.21,1202051.41
2014-10,11.59,4.6,161461228,206866715,456.9939,96.2,0.884861,93.447066,94.76,50.8,,101.6011,100.0314,102.4955,99.759,101.3091,100.1325,99.6548,99.6811,97.8,99.6,97,99.4,91.1,98.3,96.3,99,98,99.7,100,100,100.2,100,100.5,100.2,100.3,99.9,99.3,100.1,97.5,99.4,21310.1,23967.2,100.48,11.81,31.99,1124704.8,801269.48,3.8,3.2,12.6,57691.64,329617.73,1199236.31
2014-11,4.69,-6.7,157186291,211662669,547.6456,96.2,0.777347,89.325591,94.3,50.3,,101.4393,99.7764,102.3086,99.5975,101.2737,100.0531,99.188,99.3016,97.3,99.5,96.5,99.4,89.3,97.7,95.3,98.8,97.7,99.8,99.9,100,99.8,99.9,100.5,100.1,100.1,99.8,99.3,100,96.8,99.3,20933.3,23474.7,102.65,13.15,33.81,1131415.46,809796.94,3.5,3.2,12.3,58438.53,335114.13,1208605.95
2014-12,9.67,-2.4,177900669,227512544,499.1612,95.3,1.180379,91.629607,93.93,50.1,,101.5056,100.3468,102.8564,101.1515,101.5325,100.2245,98.5977,99.6768,96.7,99.4,95.7,99.2,86.8,97.2,93.6,98.5,97.5,99.7,99.8,100,99.7,99.9,100.6,100.1,100,99.9,99.4,100,96,99.2,23073.7,25801.3,103.34,15.99,34.05,1138644.64,816770.01,2.9,3.2,12.2,60259.53,348056.41,1228374.81
2015-01,-3.46,-19.9,140226150,200258035,593.1478,94.9,1.122366,91.513662,,49.8,,100.7638,100.2598,101.1092,100.6865,101.612,100.4237,97.7709,99.5621,95.7,98.9,94.4,98.6,82.5,95.5,91.4,97.6,96.9,99.3,99.8,99.9,99.7,99.9,100.8,100.2,99.9,99.9,99.3,99.8,94.8,98.7,,,104.64,15.94,36.77,1224060.36,836985.96,-17.6,10.6,10.8,63040.51,348109.5,1242710.22
2015-02,48.13,-20.5,108571550,169190546,604.621,93.98,1.354833,89.873512,93.77,49.9,,101.4311,101.1946,102.3657,102.9231,101.91,100.4711,98.2982,100.4723,95.2,99.3,93.8,99,79.9,95.9,90.8,98.8,96.5,99.4,99.9,100,99.9,100,100.8,100,99.8,100,99.4,100,94.1,99,,,105.06,16.57,39.25,1223250.98,847224.57,17,5.6,12.5,72896.19,334439.22,1257380.48
2015-03,-15.16,-12.7,141487341,144568557,25.1604,94.93,1.131929,89.034106,93.11,50.1,,101.3758,99.454,102.333,98.3966,101.5626,99.7681,98.4591,99.8846,95.4,99.9,94.1,99.9,80.4,99.7,91.6,100.4,96.5,99.7,99.9,100,100,100,100.7,100,99.6,99.9,99.4,100.1,94.3,99.7,20343.8,22722.8,107.12,18.96,45.3,1248866.33,859069.21,6.2,2.9,11.6,61949.81,337210.52,1275332.78
2015-04,-6.66,-16.2,142196335,176330816,332.0153,94.22,0.688022,87.861129,92.56,50.1,,101.5091,99.795,102.7315,99.0624,101.7579,100.239,98.445,99.9835,95.4,99.7,94.1,99.7,80.4,98.9,91.7,99.6,96.5,99.8,99.8,99.9,100.1,100.1,100.5,99.8,99.5,99.9,99.1,99.8,94.5,99.8,20059.7,22386.7,107.1,22.55,49.67,1257577,866148.47,3.7,3.7,10.1,60772.46,336388.24,1280779.14
2015-05,-3.47,-17.6,131190146,190057568,571.5457,94.51,0.395964,86.54852,92.43,50.2,,101.2308,99.8261,101.5985,99.0799,101.754,100.117,98.6598,100.3602,95.4,99.9,94.1,99.9,80.8,99.5,92.1,100.3,96.2,99.7,99.7,100,100.1,100.1,100.5,100,99.4,100,98.9,99.7,94.5,100,21599.6,24194.8,106.18,21.94,61.41,1289898.03,875156.04,1.8,4.7,10.8,59075.97,343085.86,1307357.63
2015-06,1.49,-6.1,145436663,191975441,451.9815,94.5517,0.335341,87.071827,92.63,50.2,,101.3909,100.0251,101.8544,99.8541,101.936,100.2426,98.4982,99.9202,95.2,99.6,93.8,99.4,81.5,99.9,91.5,99.1,95.9,99.5,99.8,100,100.1,100,100.5,100,99.3,99.8,99.4,100,94.4,99.8,21664.1,24280.3,107.02,20.93,54.28,1318291.89,887946.89,2.9,4.3,11.8,58604.26,356082.86,1333375.36
2015-07,-9.2,-8.1,152071574,195096520,418.6952,94.51,0.346061,86.163025,93.03,50,,101.6473,100.3069,102.7273,100.7352,101.9188,100.0965,98.1901,99.9812,94.6,99.3,93.1,99.1,80.6,98.5,90.3,98.8,95.5,99.3,99.7,100,100.2,100.1,100.5,100,99,99.8,99.3,99.8,93.9,99.4,21738.2,24338.8,108.33,18.04,46.78,1339998.38,902728.12,2.9,6.6,13.3,59010.71,353122.19,1353210.92
2015-08,-5.84,-13.8,136628528,196868247,596.8819,94.04,0.098955,84.966075,93.46,49.7,,101.9554,100.4795,103.6772,101.6252,101.9422,100.1243,97.9055,99.3789,94.1,99.2,92.3,99,79.1,97.5,88.9,98,95.1,99.5,99.7,100,100.1,100,100.6,100,98.9,99.9,99.2,99.9,93.4,99.3,22141.1,24893.4,107.36,15.82,39.84,1340529.95,910824.05,1.8,9.3,13.3,59061.79,362793.73,1356907.98
2015-09,-4.05,-20.4,145212712,205554591,596.0554,93.7812,0.041922,85.902453,93.4,49.8,,101.5956,100.0992,102.7236,99.9058,102.1044,100.1937,97.8603,99.6434,94.1,99.6,92.3,99.4,78.8,97.8,88.6,99.1,95.2,99.7,99.7,100.1,100,99.9,100.8,100.4,99,100.1,99.4,100.1,93.2,99.4,22549.3,25270.6,107.29,15.11,38.38,1337338.03,921337.19,3.7,11.4,13.1,61022.97,364416.9,1359824.06
2015-10,-7.05,-18.8,130752399,192395789,612.8623,93.8677,-0.014646,84.347456,93.34,49.8,,101.2674,99.7083,101.9415,98.9994,102.2034,100.2297,98.1484,99.9745,94.1,99.6,92.4,99.5,79.2,98.9,89.2,99.5,95.1,99.6,99.6,99.9,99.8,99.7,100.8,100.1,99,100,99.2,99.9,93.1,99.4,25103.7,28278.9,106.72,16.7,45.08,1343123.47,926473.22,3.8,14,13.5,59900.48,375806.45,1361020.7
2015-11,-7.08,-8.7,142718411,196463224,539.7649,93.9884,-0.184914,86.070254,93.35,49.6,,101.4856,99.9913,102.3222,99.9694,102.5616,100.4037,98.5924,99.7508,94.1,99.5,92.4,99.3,80.1,98.9,89.3,98.9,94.8,99.5,99.6,99.9,99.8,99.9,100.7,100,99.1,99.9,99,99.8,93.1,99.3,24902.9,27937.3,108.19,17.06,49.3,1357391.28,933562.66,3.2,15.7,13.7,60328.24,387618.32,1373956.01
2015-12,-1.89,-7.6,164294338,223683502,596.3058,98.8034,-0.192162,78.83409,93.34,49.7,,101.6,100.49653,102.7,101.531,102.5051,100.1694,98.7276,99.8135,94.1,99.4,92.4,99.2,80.3,97.3,89.7,98.9,94.6,99.5,99.6,100,99.9,100.1,100.7,100.1,99.1,99.9,98.9,99.9,93.2,99.3,25604.7,28634.6,107.05,17.63,52.75,1357021.61,939540.16,4.9,15.2,13.3,63216.58,400953.44,1392278.11
2016-01,-15.25,-18.8,113898862,177185706,568.5198,98.8,-0.220242,79.303993,,49.4,,101.8,100.5,104.1,102,102.9,100.3,98.4,100,94.7,99.5,93.1,99.3,80.2,95.7,90.9,98.9,95.1,99.8,99.5,100.1,100.2,100.2,100.7,100.3,98.8,100.1,98.4,99.9,93.7,99.3,,,106.15,13.75,38.93,1377548.53,964617.65,15.1,18.6,14,72526.51,412685.64,1416319.55
2016-02,-27.96,-13.8,93552261,126144745,281.4906,98.9,-0.220784,81.618759,99.18,49,,102.3,101.6,107.3,106.7,102.8,100.1,98.4,100.3,95.1,99.7,93.5,99.5,81.8,97.2,91.1,99,95.5,99.9,99.6,100.1,100.4,100.2,100.7,100,99,100.2,98.3,99.9,94.2,99.5,,,105.44,13.52,37.61,1386015.76,971884.02,-4.8,17.4,13.3,69421.5,392504.7,1424618.68
2016-03,7.53,-7.6,130956404,160813329,249.1041,99.1,-0.324173,86.348718,100.29,50.2,,102.301391,99.569462,107.6,98.2,103.095,100.2788,97.3828,99.3085,95.7,100.5,94.3,100.7,83.7,102.4,91.2,100.8,96.4,100.5,99.8,100.1,100.7,100.2,100.8,100,99.4,100.2,98.3,99.9,94.8,100.3,22463.4,25114.1,104.65,15.11,41.28,1411182.76,985613.17,4.4,22.1,13.4,64651.21,411581.31,1446198.03
2016-04,-5.24,-10.9,127200204,172757807,398.5948,99.3,-0.228958,87.955618,100.58,50.1,,102.327865,99.820586,107.4,98.6,103.2263,100.3477,97.6263,100.0504,96.6,100.7,95.5,101,87,102.9,92.3,100.9,97.5,100.9,99.8,99.9,100.7,100.1,100.7,99.8,99.5,99.9,98.3,99.8,95.6,100.6,22049.4,24645.8,103.29,14.77,37.85,1419505.54,991169.46,6,22.9,12.8,64403.17,413504.84,1445209.59
2016-05,-6.93,-0.4,131083858,181059364,448.4262,99.2,-0.254739,90.210535,100.57,50.1,,102.038999,99.544145,105.9,97.3,103.473,100.2261,97.3978,100.3479,97.2,100.5,96.3,100.7,90.4,103.8,92.8,100.9,98.2,100.4,99.8,100,100.6,100,100.7,99.9,99.7,100.1,98.3,99.7,96.2,100.6,23733,26610.7,103.15,14.35,38.12,1437811.1,1001024.76,6.3,23.7,11.8,62780.71,424250.7,1461695.11
2016-06,-6.83,-8.4,132275084,180183971,453.4224,99.2,-0.281568,86.135198,100.92,50,,101.879503,99.868765,104.6,98.6,103.7738,100.4566,98.1967,100.6593,97.4,99.8,96.5,99.7,91.8,101.9,93.9,100.3,98,99.4,99.9,100,100.6,100,101,100.2,100,100.1,98.3,99.9,96.6,100.2,23950.7,26857.4,101.87,14.46,40.32,1462397.28,1014859.39,7.2,24.6,11.8,62818.89,443643.7,1490491.83
2016-07,-6.47,-12.5,132414757,182642116,483.4708,99.2,-0.342382,90.110909,100.36,49.9,,101.765113,100.194549,103.3,99.8,104.2618,100.7193,98.4105,100.0972,98.3,100.2,97.7,100.3,94.4,101,95.5,100.4,98.8,100.1,100,100,100.2,99.8,101.1,100.1,100.6,100.3,98.6,100.1,97.4,100.3,23943.7,26827.4,100.58,14.8,39.72,1467468.74,1019495.06,7.2,25.4,10.2,63276.01,442934.43,1491558.72
2016-08,-3.74,1.5,138543027,190592312,500.9662,99.3,-0.404124,89.914227,100.4,50.4,,101.339773,100.060004,101.3,100.4,104.3138,100.3302,98.7538,99.3686,99.2,100.2,99,100.3,96.8,99.7,97.7,100.1,99.6,100.4,100,99.9,100.1,99.9,100.8,99.8,100.7,100,98.7,100,98.3,100.2,24503.5,27539.6,99.9,15.45,41.81,1485219.95,1028981.69,7.4,25.3,11.4,63454.7,454543.6,1510982.91
2016-09,-10.48,-1.9,142520352,184498014,404.302,104.7,-0.400828,87.51008,100.54,50.4,,101.920226,100.672647,103.2,101.7,104.3346,100.234,99.646,100.3236,100.1,100.5,100.1,100.6,102.1,102.9,99.8,101.1,100.1,100.2,100,100,100.3,100.1,100.7,100.2,100.5,99.8,98.5,99.9,99.4,100.4,24965.4,27976.4,99.8,15.12,41.29,1485214.41,1041137.89,6.6,24.7,11.5,65068.62,454340.25,1516360.5
2016-10,-7.99,-1.4,129102640,177867030,481.6514,100.3,-0.379318,92.361768,100.75,51.2,,102.095947,99.879927,103.7,99,104.8324,100.6072,99.6209,99.9435,101.2,100.7,101.6,101,107.9,104.4,101.9,101.7,100.9,100.4,100.1,100,100.6,100,100.9,100.4,100.2,99.7,98.8,100,100.9,100.9,27627.7,31119.2,99.99,15.76,42.55,1497354.38,1047650.47,7.2,23.9,11.6,64214.93,465446.65,1519485.4
2016-11,-1.54,6.7,149316792,193546446,430.8393,102.6,-0.348052,92.026612,100.88,51.7,,102.252258,100.144379,104,100.2,104.3508,100.4083,100.0178,100.0058,103.3,101.5,104.3,102,114.8,105.2,105.8,102.7,102.9,101.4,100.4,100.2,100.9,100.3,101.1,100.2,100.7,100.4,99,100,103.5,101.8,27616.9,30958.5,100.27,16.58,43.94,1504229.29,1055596.14,7.6,22.7,11.4,64903.5,475405.54,1530432.06
2016-12,-6.29,3.1,168599109,209417479,396.2622,102.0786,0.08596,94.093702,101.02,51.4,,102.076545,100.224006,102.4,100.4,104.5936,100.4941,100.9358,100.5318,105.5,101.6,107.2,102,121.1,102.7,109.8,102.7,105.1,101.6,100.8,100.3,101.3,100.4,101.3,100.3,101.3,100.4,99.2,100.1,106.3,101.9,28405,31757,100.94,15.94,41.21,1505863.83,1066040.06,8.1,21.4,11.3,68303.87,486557.24,1550066.67
2017-01,6.42,16.7,131409245,182752414,486.77,102.692,-0.007742,94.455569,100.76,51.3,54,102.549055,100.9984,102.7,102.3,104.9694,100.6392,102.348,101.4423,106.9,100.8,109.1,101.1,131,103.5,112.9,101.7,105.9,100.6,100.8,100.2,101.3,100.3,101.1,100,101.5,100.4,99.4,100.1,108.4,101.2,,,100.91,16.34,40.52,1520724.23,1086366.65,19.4,14.5,11.3,86598.61,472526.45,1584194.56
2017-02,-2.35,38.1,129226647,120078967,-109.39,103.2154,0.332969,96.643554,100.78,51.6,54,100.8,99.8321,95.7,99.4,105.1196,100.2632,101.6611,99.5887,107.8,100.6,110.4,100.7,136.1,101,115.5,101.2,106.6,100.5,100.8,100.1,101.1,100,101.3,100.2,101.5,100.2,99.4,99.9,109.9,100.8,,,99.97,16.85,42.26,1543813.97,1098023.51,3.3,21.4,11.1,71727.69,476527.6,1589857
2017-03,15.57,20.3,156684253,180600668,227.07,103.5535,0.54832,93.139554,101.12,51.8,54.7,100.9,99.6832,95.6,98.1,105.3344,100.4837,101.998,99.6376,107.6,100.3,110.1,100.5,133.7,100.6,114.9,100.3,106.5,100.5,100.7,100,100.7,99.8,101.3,100,101.4,100.1,99.6,100.1,110,100.5,24918.9,27863.7,99.32,16.87,40.02,1556487.07,1108256,6.1,18.8,10.6,68605.05,488770.09,1607938.98
2017-04,6.64,11.9,141955685,179988316,365.12,103.723,0.438598,94.159603,101.21,51.2,53.9,101.2,100.0665,96.5,99.4,105.6969,100.6932,101.7827,99.8393,106.4,99.6,108.4,99.4,128.3,98.8,113,99.2,105.2,99.6,100.7,99.9,100.5,99.8,101.5,100,101.4,99.9,99.9,100.1,109,99.7,24392.6,27278.5,98.74,16.7,35.87,1559117.58,1119233.62,6.2,18.5,10.5,68392.6,490180.42,1603918.84
2017-05,7.61,14.8,150220190,191014115,399.23,103.5918,0.461653,93.110062,101.18,51.2,54.1,101.5,99.8898,98.4,99.3,105.8523,100.3734,101.12,99.6945,105.5,99.7,107.3,99.6,122.7,99.2,111.1,99.3,104.6,99.8,100.6,99.9,100.3,99.8,101.5,100,101.1,99.8,100.2,100,108,99.7,26248.5,29459.2,98.16,16.5,34.06,1570194.04,1130352.83,7.3,17,9.6,67333.21,496389.78,1609740.77
2017-06,10.28,17.2,153838330,196590894,412.18,103.5804,0.484177,94.045958,101.38,51.7,54.7,101.5,99.8479,98.8,99,105.7084,100.3201,100.1498,99.6935,105.5,99.8,107.3,99.8,118.3,98.3,110,99.3,105.4,100.1,100.5,99.9,100.1,99.8,101.3,100,101,100,100.1,99.8,107.3,99.6,26554,29807.6,98.63,17,35.75,1596635.61,1145720.82,6.6,15,9.4,66977.68,510228.17,1639497.05
2017-07,6.34,11,146876295,193601151,448.5,103.4708,0.268789,94.352786,101.45,51.4,54.1,101.4,100.1066,98.9,99.9,105.4965,100.5174,99.7647,99.7123,105.5,100.2,107.3,100.2,115.8,98.9,109.3,99.8,105.8,100.5,100.5,100,100.4,100.1,101.2,100,100.6,99.9,100,100,107,100,26406.1,29609.8,98.6,17.48,35.38,1604795.21,1153975.9,6.1,15.3,9.2,67129.04,510484.58,1636341.11
2017-08,4.88,13.3,157423163,199342432,400.46,103.2699,0.318652,93.609448,101.47,51.7,53.7,101.8,100.4157,99.8,101.2,105.9314,100.7438,100.7212,100.3214,106.3,100.9,108.3,101.2,118.2,101.8,111,101.7,106.4,101,100.6,100.1,100.7,100.3,101.4,100,100.8,100.2,100,99.9,107.7,100.8,26970,30329.7,99.06,18,36.79,1618425.55,1164895.84,6.5,14,8.9,67550.99,518113.93,1652947.3
2017-09,7.91,18.7,169625750,198231216,273.76,103.071,0.298355,95.486646,101.5,52.4,55.1,101.6,100.5389,98.6,100.5,107.5769,101.791,100.5278,100.131,106.9,101,109.1,101.3,117.2,102,111.9,101.9,107.3,101,100.7,100.1,100.7,100.2,101.2,100.1,101.3,100.2,100,99.9,108.5,101.2,27552.8,30870.3,100.19,18.02,37.71,1622757.71,1177617.35,7.2,14,9.2,69748.54,517863.04,1663666.05
2017-10,6.26,17.2,150794685,188979730,368.99,103.0101,0.264124,92.475389,101.54,51.6,53.9,101.9,100.1122,99.6,100,107.1891,100.2446,100.831,100.2449,106.9,100.7,109,100.9,114.7,102.1,111.6,101.4,107.5,100.6,100.8,100.1,100.6,99.9,100.9,100.1,101.9,100.3,100,100.1,108.4,100.9,30389.1,34240.9,100.35,18.37,38.1,1633318.72,1184249.28,6.3,13,8.8,68230.69,525977.19,1662449.96
2017-11,11.51,17.7,177167943,217382015,384.33,103.1531,0.365158,92.403553,101.68,51.8,54.6,101.7,100.0128,98.9,99.5,106.9507,100.1849,101.3266,100.4974,105.8,100.5,107.5,100.6,110.8,101.7,109.7,101,106.3,100.3,100.6,100.1,100.4,100,100.7,100.1,101.7,100.2,100,99.9,107.1,100.6,30432.7,34108.2,100.3,18.11,36.34,1648973.59,1195476.59,5.7,12.7,9.1,68623.16,535565.05,1679156.64
2017-12,10.73,4.5,177111682,231796372,538.5,103.3228,0.683953,90.901153,101.77,51.6,54.6,101.8,100.3,99.6,101.1,106.6,100.1,101.2,100.4,104.9,100.8,106.4,100.9,109.1,101.1,108.1,101.2,105.5,100.8,100.5,100.2,100.2,100.2,100.6,100.2,101.6,100.3,99.8,100,105.9,100.8,31044.9,34734.1,100.24,18.16,36.21,1641044.22,1201320.99,3.4,11.8,8.2,70645.6,543790.15,1690235.31
2018-01,10.65,36.9,180142312,200491435,183.19,103.7044,0.511581,92.024932,101.69,51.3,54.6,101.5,100.6,99.5,102.2,106.2,100.2,100.2,100.4,104.3,100.3,105.7,100.3,106.8,101.3,107.3,100.9,104.9,100,100.3,100.1,100,100,100.8,100.2,101.4,100.1,99.7,100,105.2,100.5,,,100.92,19.25,36.02,1679728.17,1230255.13,-13.8,15,8.6,74636.29,543247.13,1720814.46
2018-02,43.5,6.3,137864792,171616391,322.04,103.875,0.548886,92.843868,101.71,50.3,52.9,102.9,101.2,104.4,104.4,106,100.1,101.5,100.9,103.7,99.9,104.8,99.9,106.4,100.6,105.9,100,104.2,99.8,100.3,100,100,100,100.5,100,101.1,99.9,99.9,100.1,104.4,100.1,,,102.05,18.29,34.5,1676717.15,1238648.54,13.5,8.5,8.8,81424.24,517035.99,1729070.12
2018-03,-2.98,14.4,179104260,174121483,-57.94,103.5969,0.603029,91.240131,101.52,51.5,54,102.1,98.9,102.1,95.8,105.7,100.2,100.3,98.5,103.1,99.8,104.1,99.8,105,99.2,105.1,99.5,103.7,100,100.2,99.8,100,99.8,100.3,99.8,100.9,99.9,99.7,99.9,103.7,99.7,26095,29193.6,102.04,17.77,32.94,1691816.02,1249814.08,6,7.1,8.2,72692.63,523540.07,1739859.48
2018-04,11.91,21.5,171653187,200035315,262.17,103.2861,0.640457,92.999617,101.39,51.4,54.1,101.8,99.8,100.7,98.1,105.2,100.2,101.1,100.6,103.4,99.8,104.5,99.8,106.1,99.8,105.7,99.9,103.9,99.8,100.1,99.9,100.1,99.9,100.2,99.8,100.9,100,99.4,99.8,103.7,99.7,25517.4,28541.9,102.86,17.31,27.97,1697167.94,1261588.65,4.5,7.2,8.3,71476.46,525447.77,1737683.73
2018-05,11.9,26,187947777,212869326,234.15,102.8542,0.508359,94.806482,101.62,51.9,54.6,101.8,99.8,100.1,98.7,105.1,100.2,101.8,100.4,104.1,100.4,105.4,100.5,108.1,101.1,107.4,100.8,104.4,100.3,100.3,100,100.3,100.1,100.3,100.1,101.1,100,99.3,99.9,104.3,100.3,27038.4,30359.1,103.97,15.16,27.59,1710215.61,1273112.43,3.6,6,8.3,69774.81,526276.72,1743063.79
2018-06,10.7,14.1,175127271,216597141,409.06,102.4292,0.655589,93.745325,101.71,51.5,54.4,101.9,99.9,100.3,99.2,105,100.2,102.4,100.3,104.7,100.3,106.1,100.4,111.5,101.3,108.8,100.6,104.6,100.3,100.4,100,100.7,100.1,100.3,99.9,101.1,100,99.5,100,105.1,100.4,27441,30841.6,103.44,14.06,25.13,1731176.11,1291534.16,3.9,6.6,8,69589.33,543944.71,1770178.37
2018-07,11.6,27.3,187515616,215565384,274.88,101.9893,0.333514,95.042056,101.92,51.2,53.6,102.1,100.3,100.5,100.1,104.6,100.2,103,100.3,104.6,100.1,106,100.1,113.4,100.6,109,99.9,104.1,100.1,100.6,100.2,100.7,100.2,100.7,100.4,101.1,99.9,99.8,100.2,105.2,100.1,27390.5,30733.7,100.22,14.29,24.66,1741463.5,1306067.38,3.6,5.1,8.5,69530.59,536624.29,1776196.11
2018-08,9.55,19.9,189485783,217372208,262.97,101.5672,0.041731,93.966673,102.03,51.3,53.8,102.3,100.7,101.7,102.4,104.3,100.4,102.7,100,104.1,100.4,105.2,100.5,112.1,100.6,107.8,100.6,103.5,100.4,100.7,100.3,100.7,100.3,101.1,100.4,101.2,100.3,100.2,100.2,104.8,100.5,28026.2,31542.3,99,13.58,22.71,1752364.77,1318821.67,3.3,3.9,8.2,69775.39,538324.64,1788670.43
2018-09,13.87,14.3,194984435,226686815,302.63,101.089,0.098735,93.79301,102.03,50.8,54.1,102.5,100.7,103.6,102.4,102.7,100.2,102.8,100.3,103.6,100.6,104.6,100.7,111.7,101.6,107.3,101.4,102.9,100.4,100.8,100.1,100.9,100.3,101.1,100,101.1,100.1,100.2,99.9,104.2,100.6,28558.5,32005.4,99.17,14.07,22.54,1761267.23,1332662.88,2.2,4,8.3,71254.26,538574.08,1801665.58
2018-10,14.29,21.4,183266962,217283435,329.74,100.534,0.035889,93.881924,101.99,50.2,53.1,102.5,100.2,103.3,99.7,102.6,100.2,103.2,100.6,103.3,100.4,104.2,100.6,112.4,102.8,106.7,100.9,102.5,100.2,100.7,100,100.9,99.9,101.2,100.3,101,100.2,99.9,99.8,104,100.7,31528.4,35534.4,98.77,13,20.37,1764802.43,1339633.14,2.8,2.7,8,70106.62,540128.37,1795561.6
2018-11,3.92,3,182740526,227445523,418.59,100.0294,-0.011679,93.220842,101.97,50,52.8,102.2,99.7,102.5,98.8,102.6,100.2,101.6,99,102.7,99.8,103.3,99.7,109.2,98.7,104.6,98.9,102.2,100,100.8,100.2,101.1,100.2,101.5,100.4,100.8,100.1,100.1,100.1,103.3,100,30734.7,35259.7,98.7,12.96,21.05,1774309.53,1352127.25,2.8,1.5,8,70563.3,543498.66,1813175.07
2018-12,-4.61,-7.6,164193569,221249124,568,99.7421,0.251838,92.891705,101.87,49.4,52.6,101.9,100,102.5,101.1,102.5,100.1,99.3,98.1,100.9,99,101,98.7,103.8,96.1,100.8,97.5,100.8,99.4,100.7,100,100.9,100.1,101.6,100.2,100.4,99.9,100.2,100,101.6,99.1,31471.9,35893.5,99.33,12.44,20,1775225.73,1362966.65,3.6,1.5,8.1,73208.4,551685.91,1826744.22
2019-01,9.29,-1.6,178409792,217566642,383.38,99.82,0.002237,91.141685,100.58,49.5,53.2,101.7,100.5,101.9,101.6,102.7,100.4,98.7,99.8,100.1,99.4,99.9,99.2,101.2,98.8,98.4,98.5,100.3,99.6,100.6,100,100.8,99.9,101.6,100.2,100.3,100,100,99.9,100.2,99.1,,,99.87,12.99,20.25,1807904.35,1395256.12,17.2,0.4,8.4,87470.62,545638.46,1865935.33
2019-02,-20.65,-5.2,131119542,135200630,29.59,99.7148,-0.092522,90.078165,100.81,49.2,52.4,101.5,101,100.7,103.2,102.8,100.2,98.8,101,100.1,99.9,99.9,100,101.8,101.1,98.5,100.1,100.3,99.8,100.4,99.9,100.8,100.1,101.6,99.9,100.2,99.9,99.4,99.5,99.9,99.9,,,100.81,14.8,24.56,1820994.57,1404113.93,-2.4,2,8,79484.72,527190.48,1867427.45
2019-03,13.99,-7.6,165984372,198655790,313.67,99.5033,-0.113418,90.124754,101.01,50.5,54,102.3,99.6,104.1,99.1,102.7,100.1,100.1,99.7,100.4,100.1,100.3,100.2,104.2,101.7,99.4,100.3,100.4,100,100.5,100,101.2,100.2,101.7,99.9,100.3,99.9,99.3,99.8,100.2,100,28332.8,31725.7,101.57,15.51,26.06,1838226.71,1421057.41,3.1,4.6,8.6,74941.58,547575.54,1889412.14
2019-04,-2.68,4,179647719,193481260,130.74,99.2425,-0.103654,90.345641,101.14,50.1,53.4,102.5,100.1,106.1,99.9,102.6,100.1,99.5,100,100.9,100.3,100.9,100.4,105.3,100.8,100,100.5,100.9,100.3,100.9,100.2,101.9,100.6,101.7,99.9,100.3,100,99.4,99.8,100.4,99.9,27305.3,30586.1,101.83,15.45,24.45,1840833.102,1431217.673,3.5,2.9,8.5,73965.76,540614.6,1884670.33
2019-05,1.1,-8.5,172187571,213845417,411.45,98.8373,-0.05812,89.79099,101.06,49.4,53.3,102.7,100,107.7,100.2,102.5,100.1,99.1,100,100.6,100.2,100.6,100.2,106.1,101.9,99.4,100.2,100.5,100,100.9,100.1,102.2,100.4,101.5,100,100.4,100.1,99.2,99.8,100.2,100,29324.4,32955.7,100.49,13.41,22.93,1853009.96,1443054.975,4.3,3.4,8.5,72798.46,544355.64,1891153.7
2019-06,-1.45,-7.3,161859791,212835863,496.49,98.5156,0.048661,90.486272,101.09,49.4,53,102.7,99.9,108.3,99.7,102.5,100.3,98.1,99.3,100,99.7,99.7,99.6,104.5,99.9,97.9,99,100,99.8,100.9,100,102.2,100,101.6,100,100.5,100.1,99.1,100,99.7,99.9,30154.8,33878.1,99.1,13.81,23.42,1875680.15,1459691.47,4.3,4.4,8.5,72580.96,567696.18,1921360.19
2019-07,3.44,-5.3,176940637,221553908,440.15,98.3944,-0.16968,88.799587,101.09,49.7,53.1,102.8,100.4,109.1,100.9,102.6,100.2,97.9,100.1,99.7,99.8,99.3,99.7,103.2,99.3,97.1,99.2,99.8,99.9,100.8,100,102,100,101.3,100.1,100.8,100.2,98.8,99.9,99.4,99.8,29415.2,33073.3,99.33,13.88,23.67,1882100.124,1470249.184,4.5,3.1,8.1,72689.25,553043.11,1919410.82
2019-08,-0.96,-5.6,179959655,214786135,347.16,98.4148,-0.274559,86.904148,101.11,49.5,53,102.8,100.7,110,103.2,102.3,100.2,97.7,99.8,99.2,99.9,98.7,99.8,102.8,100.2,96.5,100,99.2,99.7,100.7,100.2,102.6,100.8,100.9,100,100.6,100.1,98,99.5,98.7,99.8,30039.2,33896.3,97.76,13.69,23.81,1900147.95,1482337.851,4.8,3.4,8.2,73152.62,556798.09,1935492.43
2019-09,-3.19,-8.5,178474843,218123102,390.78,98.0716,-0.257372,86.392268,101.23,49.8,53.1,103,100.9,111.2,103.5,102.2,100.1,97.1,99.6,98.8,100.1,98,100,100.6,99.5,95.2,100,98.8,100,101.1,100.5,103.3,101,100.9,100.1,100.8,100.3,98.2,100.1,98.3,100.2,30724.7,34494.9,97.18,13.82,23.94,1907341.286,1499247.455,4,3.4,8.4,74129.75,557137.95,1952250.49
2019-10,-0.83,-6.5,169898075,212916095,423.08,96.8862,-0.247427,85.50937,101.28,49.3,52,103.8,100.9,115.5,103.6,102.1,100.1,96.5,100.1,98.4,100.1,97.4,100,98.1,100.2,94.4,100,98.5,99.9,101.4,100.3,104.4,101.1,100.6,100,100.4,99.8,98.2,99.9,97.9,100.2,33736.9,38104.3,97.12,13.93,24.29,1909712.991,1505860.723,4.7,3.3,8.4,73395.4,558143.92,1945600.55
2019-11,-1.27,0.8,183411013,221337434,371.76,94.5064,-0.199936,86.60381,101.3,50.2,53.7,104.5,100.4,119.1,101.8,102,100.1,97.2,99.7,98.6,99.9,97.5,99.8,98.6,99.2,95,99.6,98.4,99.9,101.6,100.3,105.4,101.1,100.3,100,100.1,99.7,97.9,99.8,97.8,99.9,33130.1,38093.8,98.05,13.72,24.03,1922790.607,1519741.233,4.8,3.5,8.2,73973.82,562486.52,1961429.56
2019-12,8.05,16.5,191057245,238267589,472.48,91.1827,-0.170599,88.254089,101.27,50.2,53.4,104.5,100,117.4,99.6,102.1,100.2,99.3,100.2,99.5,100,98.8,100,102.6,100.1,97.4,100,99.1,100.1,101.3,99.8,105,99.7,99.9,99.8,100.1,99.9,97.6,99.7,98.7,100,33952.1,38776.7,97.81,14.55,26.15,1928785.33,1531123.2,5.4,4.4,8.7,77189.47,576009.15,1986488.82
2020-01,-2.94,-12.7,156901124,211590876,546.67,88.0258,-0.205993,88.559364,100.33,50,53,105.4,101.4,120.6,104.4,102.3,100.6,100.9,101.4,100.1,100,99.6,100,104.7,100.8,99.2,100.3,99.4,99.9,101.3,100,105.1,100,99.7,100,100,99.9,97.7,99.9,99.7,100.2,,,98.88,14.42,26.73,1958065.97,1564498.05,6.6,0,8.4,93249.16,545531.79,2023066.49
2020-02,-40.61,-4,142499591,80380286,-619.92,86.369,-0.220876,79.206848,97.45,35.7,28.9,105.2,100.8,121.9,104.3,102.2,100.1,98.4,98.5,99.6,99.5,99,99.3,101.1,97.7,97.8,98.7,99.3,99.7,101.4,100,105.1,100,99.7,99.9,100.1,100.1,98,99.8,99.5,99.7,,,99.08,14.08,27.13,1968311.42,1573554.86,10.9,4.8,8.8,88187.05,552700.73,2030830.42
2020-03,-6.89,-1,165213108,185146228,199.69,86.8328,-0.488456,83.913276,98.27,52,53,104.3,98.8,118.3,96.2,102.2,100.2,96.2,97.5,98.5,99,97.6,98.8,96,96.5,94.8,97.3,98.8,99.5,101.2,99.8,104.5,99.7,99.5,99.7,100.1,99.8,98.1,99.9,98.4,98.9,24617.9,26449.9,100.24,13.44,24.75,2009932.57,1602089.22,10.8,5,10.1,83022.21,575050.29,2080923.41
2020-04,3.04,-14.2,154900580,200233629,449.37,89.073,-0.66875,81.620851,98.96,50.8,53.4,103.3,99.1,114.8,97,102.2,100.2,95.1,98.8,96.9,98.7,95.5,98.2,88.4,92.8,91.2,96.7,97.8,99.3,100.9,99.9,103.7,99.9,99.4,99.8,99.9,99.9,98.3,99.9,96.2,97.7,25871.2,28177.8,100.68,14.07,25.27,2022634.9,1619066.91,10.2,5.5,11.1,81485.21,570150.48,2093533.83
2020-05,-3.5,-16.7,143886746,206812825,616.17,92.1144,-0.719653,83.190503,99.46,50.6,53.4,102.4,99.2,110.6,96.5,102.1,100,94.9,99.8,96.3,99.6,94.9,99.5,85.2,98.3,90.1,98.9,97.6,99.8,100.5,99.7,102.9,99.5,99.4,99.9,99.8,99.9,98.3,99.8,95,98.8,28959.5,31972.8,99.72,13.09,25.65,2045739.6,1633888.15,9.5,6.8,11.1,79706.83,581111.06,2100183.74
2020-06,0.18,2.7,167152978,213574174,446.8,94.9619,-0.533759,86.115745,99.92,50.9,54.2,102.5,99.9,111.1,100.2,101.8535,100.0096,95.35458,99.74692,97,100.4,95.8,100.5,89.5,104.9,91.5,100.7,98,100.2,100.6,100.1,103.2,100.3,99.2,99.9,99.7,100,98.2,99.9,95.6,100.4,30263.5,33525.9,98.27,13.9,28.55,2074780.26,1651998.58,9.5,6.5,11.1,79459.41,604317.97,2134948.66
2020-07,6.79,-1.4,175301874,237631279,603.09,97.0817,-0.460255,86.716166,100.15,51.1,54.1,102.7,100.6,113.2,102.8,101.612961,100.01052,95.603754,100.311617,97.6,100.4,96.5,100.5,92.9,103.1,93.1,100.9,98.2,100.1,100.7,100.1,103.7,100.6,98.9,99.7,99.2,99.8,98.4,100,96.7,100.9,28920,32202.5,98.67,15.58,32.66,2075582.83,1661925.21,9.9,6.9,10.7,79867.21,591192.64,2125458.46
2020-08,9.08,-2.1,176333799,235259186,571.01,98.6597,-0.410495,89.20424,100.38,51,54.5,102.4,100.4,111.2,101.4,101.520815,100.083283,96.075959,100.263934,98,100.3,97,100.4,94.2,101.6,93.6,100.5,98.6,100.2,100.6,100.1,103.1,100.2,98.7,99.8,99.6,100.5,98.5,99.6,97.5,100.6,29951.3,33570.6,98.73,16.03,33.4,2094948.16,1674708.18,9.4,8,10.4,80042.71,601289.1,2136836.91
2020-09,9.35,13.2,202759047,239757675,353.44,100.3975,-0.341294,91.414174,100.47,51.5,55.1,101.7,100.2,107.9,100.4,101.482762,100.029177,96.371152,99.933257,97.9,100.1,97.2,100.2,95.2,100.6,93.8,100.3,98.7,100.1,99.9,99.9,102.1,100,98.3,99.8,99.2,99.9,98.1,99.7,97.7,100.4,31579.5,35294.7,100.37,15.28,31.39,2110774.4,1693665.4,11.1,8.1,10.9,82370.87,602312.12,2164084.8
2020-10,10.92,4.7,178739425,237182561,573.22,102.8594,-0.413047,91.207002,100.55,51.4,55.3,100.5,99.7,102.2,98.2,101.5,100.1,96.1,99.8,97.9,100,97.3,100.1,94.9,99.9,94,100.2,98.8,100,99.5,99.9,100.8,99.8,98.3,99.9,99.3,99.9,98.2,100,97.6,100.2,34204.1,38576.5,101.37,15.37,32.27,2106803.09,1700563.15,10.4,9.1,10.5,81036.43,609182.41,2149720.42
2020-11,20.53,4.5,192673058,268074093,742.49,106.2559,-0.279904,93.672456,100.6,52.1,55.7,99.5,99.4,98,97.6,101.5,100,96.1,99.7,98.5,100.5,98.2,100.7,96.4,100.8,95.8,101.5,99.2,100.4,99.2,100.1,100.1,100.3,98.2,100,99.5,100,98.2,99.8,98.4,100.7,34534.4,39514.2,102.29,16.27,33.09,2127813.68,1714899.83,10.3,10,10.7,81593.61,618632.17,2172002.55
2020-12,18.04,6.5,203753955,281927726,757.9,110.3904,-0.193296,95.243831,100.86,51.9,55.1,100.2,100.7,101.2,102.8,101.3,100,96.9,100.9,99.6,101.1,99.5,101.4,99.6,103.3,98.4,102.6,100,100.8,99.6,100.1,100.9,100.5,98.2,99.8,99.6,100,98.2,99.7,100,101.5,35616.3,40566,101.68,16.76,34.51,2125720.88,1727452.07,9.2,8.6,10.1,84314.53,625580.99,2186795.89
2021-01,24.48,26.6,198640212,264018839,614.07,114.3309,-0.406335,96.569077,101.11,51.3,52.8,99.7,101,101.6,104.1,100.4,100.1,95.4,100.9,100.3,101,100.5,101.2,101,105.5,99.2,101.8,101,100.7,99.8,100.2,101.6,100.7,98.7,99.8,100,100.1,98.2,99.9,100.9,101.4,,,102.66,16.82,34.82,2161418.83,1763234.93,-3.9,14.7,9.4,89625.24,625563.81,2213047.33
2021-02,154.28,17.3,166975331,204855176,350.07,116.5216,-0.326495,96.716721,101.43,50.6,51.6,99.8,100.6,99.8,101.6,100.3,100,98.1,101.1,101.7,100.8,102.3,101.1,106.8,102.8,102.9,102.1,101.7,100.4,99.8,100,101.6,100.2,98.7,100,99.9,100,98.2,99.8,102.4,101.2,,,103.21,16.94,34.2,2172935.17,1776828.68,4.2,7.4,10.1,91924.6,593487.46,2236030.26
2021-03,30.32,38.1,227336197,241134158,115.52,116.0964,-0.451614,97.547039,101.32,51.9,55.3,100.4,99.5,99.3,96.4,100.2,100,102.7,101.3,104.4,101.6,105.8,102,112.3,101,110.1,103.9,103.4,101.3,100.1,100.2,102,100.2,99.2,100.3,100,100,98.6,100.3,105.2,101.8,31973.5,35484.1,103.88,16.63,31.47,2209233.14,1804131.37,4.2,7.1,9.4,86543.64,616113.17,2276488.45
2021-04,31.89,43.1,221063587,263923793,404.73,113.4566,-0.471708,96.210232,101.29,51.1,53.8,100.9,99.7,99.3,97.6,100.1,100.1,104.9,100.4,106.8,100.9,109.1,101.2,124.9,101.8,115.2,100.8,105.4,101.3,100.3,100.1,101.8,99.7,99.4,100.2,100.3,100.3,99.1,100.4,109,101.3,29775.8,33152.6,103.56,16.74,29.68,2201981.56,1818816.61,5.3,6.2,8.1,85803.37,605421.89,2262107.12
2021-05,27.52,51.1,218382769,263922347,428.35,109.6963,-0.535324,99.750935,101.18,51,54.2,101.3,99.8,100.3,98.3,100.2,100,105.5,100.4,109,101.6,112,102.1,136.4,106.5,118.8,102.1,107.4,101.7,100.5,100.1,102.2,100,99.4,100,100.5,100.4,99.2,100.1,112.5,101.9,32128.8,35945.1,104.21,17.29,31.19,2227607.85,1833780.32,5.6,6.1,8.3,84177.72,616828.32,2275538.07
2021-06,31.69,36.7,229890607,281417178,494.39,105.893,-0.503599,99.020447,101.06,50.9,52.9,101.1,99.6,98.3,97.8,100.3,100,105.8,100.1,108.8,100.3,111.8,100.5,135.1,103.9,118,100.2,107.4,100.3,100.3,99.8,101.4,99.5,99.2,99.7,100.3,99.8,99.4,100.1,113.1,100.8,33663,37585.8,104.62,17.39,31.78,2266173.34,1854976.71,6.2,5.5,8.6,84346.97,637479.36,2317788.36
2021-07,18.76,28.1,226073489,282662343,548.4,102.7282,-0.575848,99.549856,100.97,50.4,52.4,101,100.3,96.3,99.6,100.4,100.1,106.9,101.5,109,100.5,112,100.6,138.7,105.2,117.9,100.8,107.5,100.1,100.3,100.1,101,100,99.6,100.2,100.5,100,99.7,100.2,113.1,100.9,31173.7,34925.1,105.11,16.6,30.63,2254852.07,1865808.38,6.1,4.9,8.3,84717.56,620367.05,2302153.82
2021-08,25.09,33.1,235984248,294315479,584.45,100.4304,-0.5889,98.8905,100.82,50.1,48.9,100.8,100.1,95.9,100.8,100.4,100,105.9,99.4,109.5,100.7,112.7,100.9,141.8,103,118.3,100.9,108,100.7,100.3,100,100.9,100,100,100.3,100.1,100,99.9,99.8,113.6,100.8,30939,34394.9,105.33,17.37,31.2,2268544.67,1877960.82,6.3,4.2,8.2,85059.2,626658.69,2312267.68
2021-09,27.7,17.6,238979506,305737341,675.37,98.857,-0.529155,97.874857,100.7,49.6,51.7,100.7,100,94.8,99.3,100.4,100,105.8,99.8,110.7,101.2,114.2,101.5,149.4,105.5,120.4,101.9,108.9,100.9,100.4,100,100.7,99.9,100.4,100.2,100.4,99.9,100.2,100,114.3,101.1,33001.6,36833,105.66,17.47,30.89,2291807.89,1894591.04,5.5,3.7,8.3,86867.09,624645.68,2342829.7
2021-10,26.62,20.6,215681597,300221418,844.06,98.0453,-0.548215,99.265459,100.57,49.2,50.8,101.5,100.7,97.6,101.7,100.6,100.2,107,101,113.5,102.5,117.9,103.3,166.5,112.1,125.7,104.4,110.8,101.8,100.6,100.1,101,100.2,100.8,100.3,100.8,100.3,99.9,99.8,117.1,102.6,35993.6,40453.9,107.27,17.37,31.04,2299456.85,1902852.75,6.2,2.8,8.7,86085.78,626082.12,2336160.48
2021-11,21.49,31.7,253813881,325525287,712.65,97.892,-0.594193,96.972635,100.45,50.1,52.2,102.3,100.4,101.6,102.4,100.6,100,107.6,100.3,112.9,100,117,99.9,160.5,97.9,125,100.9,110.1,99.7,101,100.4,101.6,100.8,101.2,100.4,101.4,100.4,100.1,99.8,117.4,101,36200.1,41043.2,108.66,17.63,32.7,2310855.65,1915584.74,7.2,3,8.5,87433.41,637482.04,2356012.76
2021-12,20.58,19.5,246035373,340498780,932.08,97.9305,-0.504898,94.942124,100.28,50.3,52.2,101.5,99.7,98.8,99.4,100.7,100,105,98.7,110.3,98.8,113.4,98.4,144.2,93.2,119.7,98.3,108.2,99.1,101,100,101.4,100.1,101,99.7,101.4,100.1,100.4,99.9,114.2,98.7,36427.8,41268.9,109.77,18.02,33.03,2322500.4,1926902.81,7.7,3.5,9,90825.15,647443.35,2382899.56
2022-01,22.74,19.8,241914340,327285953,793.06,97.6545,-0.58848,94.239572,96.82,50.1,51,100.9,100.4,96.2,101.4,100.6,100.1,105.2,101.1,109.1,99.8,111.8,99.8,135,98.7,118.2,100.6,107,99.5,100.8,100,100.5,99.9,101.4,100.2,101.3,100.1,100.6,100.2,112.1,99.6,,,109.88,16.63,29.63,2360690.54,1966521.17,18.5,-1.9,9.8,106188.87,613859.35,2431022.72
2022-02,5.09,10.4,186832863,217416504,261.76,96.7399,-0.653768,93.910028,96.89,50.2,51.2,100.9,100.6,96.1,101.4,100.6,100,105.5,101.4,108.8,100.5,111.4,100.7,133,101.3,117.9,101.9,106.6,100.1,100.9,100.1,100.5,100.2,101.4,99.9,101.5,100.2,100.7,99.9,111.2,100.4,,,110.07,17.16,30.26,2386080.47,1978857.03,5.8,4.7,9.2,97227.7,621612.11,2441488.9
2022-03,13.44,-0.1,228704260,276084613,428.53,96.2,-0.560335,93.693593,96.62,49.5,48.8,101.5,100,98.5,98.8,100.7,100.1,105.8,101.6,108.3,101.1,110.7,101.4,138,104.8,116.7,102.9,105.7,100.4,100.9,100.2,100.8,100.5,100.8,99.8,101.9,100.4,100.3,100,110.7,101.3,31297.8,34233.1,112.31,16.13,25.89,2430955.93,2010110.55,9.9,4.7,9.7,95141.92,645063.8,2497688.34
2022-04,2.23,0,222500588,273619664,462.91,94.6,-0.647478,92.454572,95.85,47.4,42.7,102.1,100.4,101.9,100.9,100.7,100.1,106.5,101.1,108,100.6,110.3,100.8,138.3,102,117.4,101.4,104.8,100.4,101,100.2,101.6,100.4,100.7,100,101.8,100.2,99.9,100,110.8,101.3,26874.2,29483.1,111.89,15.14,21.58,2431864.69,2016564.32,11.4,5.1,10.5,95626.49,636139.01,2499710.9
2022-05,15.45,4.1,229490725,308244886,761.11,93.9,-0.842814,92.086704,95.56,49.6,48.4,102.1,99.8,102.3,98.7,100.7,100.1,106.2,100.1,106.4,100.1,108.1,100.1,129.7,99.9,115.1,100.1,103.2,100.1,101.2,100.3,102.2,100.6,101.2,100.5,101.5,100.2,99.9,100.1,109.1,100.5,30534.7,33547,108.97,12.83,23.55,2462241.02,2035448.45,13.5,4.6,11.1,95546.86,645107.52,2527026.15
2022-06,15.38,1,233322854,331264197,933.07,94.5,-0.935532,92.901219,95.35,50.2,54.1,102.5,100,102.9,98.4,100.7,100,108.5,102.2,106.1,100,107.5,99.9,127.3,101.9,115.2,100.3,102.4,99.6,101.7,100.3,103.2,100.5,102.3,100.7,101.9,100.1,99.8,99.9,108.5,100.2,34976.7,38742.5,109.71,13.73,26.14,2510546.99,2063511.81,13.8,5.8,11.4,96011.17,674374.81,2581451.2
2022-07,16.42,2.3,231696993,332964256,982.4,95.8,-1.015511,92.150606,95.23,49,52.5,102.7,100.5,106.3,103,100.7,100,106.1,99.3,104.2,98.7,105,98.3,118.8,98.1,111.4,97.5,100.9,98.7,101.7,100.2,103.7,100.6,102.1,100.1,101.5,99.7,99.7,100.2,106.5,99.1,32175.9,35870.1,111.43,13.22,25.58,2510993.9,2070301.63,13.9,6.7,12,96509.19,661832.33,2578078.57
2022-08,5.87,0.3,235527165,314920505,769.95,96.6,-1.119727,92.125375,95.03,49.4,51.7,102.5,99.9,106.1,100.5,100.7,100.1,104.9,98.3,102.3,98.8,102.4,98.4,110.1,95.5,107.8,97.6,99.3,99.1,101.6,99.9,103.7,100,102.2,100.3,101.5,100,99.4,99.6,104.2,98.6,32510.3,36257.9,110.19,13.11,24.67,2523760.96,2082843.52,14.3,6.1,12.2,97231.03,664604.85,2595068.27
2022-09,4.45,0.3,238011751,322755333,821.51,96.3,-1.111035,88.865149,94.8,50.1,50.9,102.8,100.3,108.8,101.9,100.7,100,104.5,99.4,100.9,99.9,100.6,99.8,103.5,99.2,105.8,100.1,98.1,99.7,101.8,100.1,104.1,100.3,102.3,100.3,101.6,100,99.4,100,102.6,99.5,33977.5,37744.9,109.55,12.45,22.59,2550054.11,2107581.92,13.6,6.4,12.1,98672.06,664535.17,2626600.92
2022-10,-1.84,-0.7,213217901,298371747,817.07,95.2,-1.09656,87.908062,94.66,49.2,49,102.1,100.1,107,100.1,100.5,100,103.1,99.6,98.7,100.2,97.5,100.1,93.3,101,101.2,99.9,96.5,100.1,102.2,100.5,104.6,100.6,102.5,100.5,101.6,100.3,100.2,100.7,100.3,100.3,36171.2,40270.5,108.53,11.96,22.27,2548210.07,2113733.7,14.3,5.8,11.8,98416.71,662140.99,2612914.57
2022-11,-10.38,-10.6,226252602,295500770,657.85,94,-0.996384,86.912632,94.38,48,47.1,101.6,99.8,103.7,99.2,100.5,100,102.9,100.1,98.7,100.1,97.7,100,96.1,100.9,100.3,99.9,96.8,100,102,100.1,103.9,100.2,102.3,100.2,101.4,100.2,100.4,100,99.4,100,34179.9,38615.1,106.21,12.99,23.85,2577756.26,2125869.63,14.1,4.6,12.4,99740.12,667042.61,2647008.48
2022-12,-12.59,-7.5,228066170,306078766,690.07,95.3049,-0.438909,85.76075,94.31,47,42.6,101.8,100,104.8,100.5,100.6,100,102.8,98.6,99.3,99.5,98.6,99.4,101.7,98.6,101.2,99.2,97.3,99.7,101.8,99.8,103.2,99.4,102.4,99.8,101.3,100.1,100.6,100.1,100.3,99.6,36385.3,40542.3,106.62,12.78,23.44,2584998.23,2139852.67,15.3,3.7,11.8,104706.03,671674.76,2664320.84
2023-01,-12.023126,-21.4,192211279,292275545,918.62,95.5552,-0.605885,87.024126,94.39,50.1,52.9,102.1,100.8,106.2,102.8,100.8,100.3,102,100.2,99.2,99.6,98.6,99.5,102,99,99.9,99.3,97.7,99.6,101.5,99.7,102.8,99.5,101.9,99.7,101.2,100,100.3,99.8,100.1,99.3,,,107.79,13.51,25.53,2653915.86,2197455.14,7.9,6.7,12.6,114601.3,655214.16,2738072.06
2023-02,-2.86551,4.2,197204817,214025811,120.2,96.5192,-0.725224,86.518003,94.59,52.6,56.4,101,99.5,102.6,98,101,100.2,100.1,99.5,98.6,100,98,100.1,100.3,99.7,98.7,100.7,97.4,99.9,101.1,99.7,102.6,99.9,101.6,99.7,100.7,99.7,99.8,99.5,99.5,99.8,,,107.9,13.63,25.59,2681999,2215575.67,10.6,5.8,12.9,107602.58,657938.74,2755249.23
2023-03,10.84,-1.4,227398611,315589337,770.73,97.6057,-0.617689,86.414206,94.63,51.9,57,100.7,99.7,102.4,98.6,101,100.1,98.1,99.6,97.5,100,96.6,100,95.3,99.5,95.8,99.8,97.2,100.1,100.9,100,102,99.9,102,100.1,100.5,100.2,99.8,99.9,98.2,100,34148.3,37855.4,107.65,13.64,24.29,2739076.14,2254455.1,11,5.1,12.7,105591.3,678059.63,2814566.31
2023-04,7.105757,-7.9,205209790,295417981,850.48,98.1794,-0.780522,86.098912,94.69,49.2,54.4,100.1,99.9,100.4,99,101,100.1,96.7,99.6,96.4,99.5,95.3,99.4,91.5,98,93.7,99.2,96.4,99.6,100.4,99.7,101,99.5,102,100,100.4,100,99.4,99.7,96.2,99.3,31159,34910.5,107.05,13.92,24.28,2734467.18,2261643.47,10.7,5.3,12.4,105904.46,669761.55,2808469.34
2023-05,-7.561723,-4.5,217692018,283484005,651.52,98.0352,-0.865116,86.342888,94.48,48.8,52.9,100.2,99.8,101,99.3,101.1,100.1,96.1,99.4,95.4,99.1,94.1,98.8,88.5,96.6,92.3,98.5,95.4,99.1,99.9,99.8,100.2,99.7,101.4,99.9,100.3,100.1,98.9,99.6,94.7,98.9,33733.2,37803.3,106.11,12.73,23.55,2749085.32,2275271.41,9.6,4.7,11.6,104756.71,675252.98,2820504.68
2023-06,-12.377592,-6.8,214702200,285321600,695.58,98.3,-0.815717,86.230358,93.99,49,52.3,100,99.8,102.3,99.5,101.1,100.1,93.5,99.5,94.6,99.2,93.2,98.9,83.8,96.5,90.5,98.4,95.3,99.4,99.5,99.8,99.4,99.8,101,100.3,100.3,100.1,98.5,99.6,93.5,98.9,35580.6,39951.4,103.96,12.76,24.03,2786204.53,2305766.69,9.8,3.1,11.3,105419.2,695595.48,2873023.83
2023-07,-14.256267,-12.4,201159403,281755999,793.96,98.1,-0.940881,85.89181,93.7,49.3,51.1,99.7,100.2,98.3,99,101.2,100.1,95.3,101.2,95.6,99.8,94.5,99.6,85.3,99.9,92.4,99.6,96.2,99.6,99.6,100.3,99.1,100.3,101.5,100.6,100.8,100.2,98.5,100.2,93.9,99.5,32483.4,36760.7,103.07,13.09,24.28,2774993.33,2309226.18,9.9,2.3,10.7,106129.68,677218.92,2854031.56
2023-08,-8.552899,-7.3,216592727,284790965,672.19,98.9,-1.06089,85.610015,93.49,49.7,51.3,100.1,100.3,98.3,100.5,101.2,100.1,97.9,101,97,100.2,96.3,100.3,90.1,100.9,96,101.4,96.9,99.8,99.8,100.1,99.8,100.6,101,99.8,100.6,99.7,98.8,99.9,95.4,100.2,33720.6,37932.7,103.81,12.49,22.89,2787610.76,2322806.64,9.5,2.2,10.6,106515.36,679588.35,2869343.25
2023-09,-6.846969,-6.2,221298188,299129677,751.2,99.2,-0.971672,88.608902,93.37,50.2,52,100,100.2,96.8,100.3,101.3,100.1,98.7,100.1,97.5,100.4,97,100.5,92.6,101.8,97.2,101.3,97.2,100.1,99.7,100.1,99.7,100.2,100.8,100.2,100.7,100.1,98.8,100,96.4,100.6,35539.2,39826,104.47,12.46,22.46,2810037.37,2345924.92,10.7,2.1,10.3,109253.22,678443.65,2896659.11
2023-10,-6.612764,3,218298600,274827000,558.62,99.3,-0.920088,88.84554,93.34,49.5,50.7,99.8,99.9,96,99.2,101.3,100,99.1,100,97.4,100,97,100.1,93.8,102.4,97.7,100.4,97,99.8,99.1,99.9,98.8,99.7,100.4,100.1,100.4,100,98,99.9,96.3,100.2,38533.4,43333,105.4,12.06,22.01,2816483.21,2353309.12,10.2,1.9,10.3,108565.35,674696.07,2882276.07
2023-11,0.693013,-0.6,223539300,291934500,690.65,100.1,-0.891871,89.287572,93.35,49.4,50.4,99.5,99.5,95.8,99.1,101.3,100,97.6,98.6,97,99.7,96.6,99.7,92.7,99.7,96.8,99.1,96.9,99.9,98.8,99.8,98.3,99.7,100.1,99.9,100.2,100,97.8,99.8,96,99.7,36925.1,42505,105,12.11,22.05,2841754.85,2364196.44,10.4,1.3,10,110225.18,675903.41,2912014.22
2023-12,2.147524,0.2,228277992,303618345,747.27,99.5,-0.807856,90.039537,93.29,49,50.3,99.7,100.1,96.3,100.9,101.4,100.1,97.8,98.8,97.3,99.7,96.7,99.7,93,98.9,97.2,99.5,96.8,99.8,98.8,99.9,98.6,99.7,100.1,99.8,99.9,99.8,97.8,100.1,96.2,99.8,38145.1,43550.2,105.19,11.92,21.61,2842623.3,2375905.37,8.3,1.3,9.7,113444.64,680542.52,2922713.33
2024-01,7.67,15.4,222276794,307734618,836.95,99.4,-1.065698,90.712064,92.19,49.2,50.9,99.2,100.3,94.1,100.4,101.3,100.1,97.6,100.1,97.5,99.8,97,99.8,94,100.2,97.7,99.8,96.9,99.7,98.9,99.8,99,99.9,100.1,99.8,100,100,97.7,99.6,96.6,99.8,,,105.27,11.2,18.29,2897428.5,2425047.89,5.9,5.9,8.7,121398.54,694197.88,2976250.2
2024-02,6.24,-8.2,180573806,220279326,409.84,99.1,-1.185573,91.752806,91.92,49.1,50.9,100.7,101,99.1,103.3,101.5,100.4,99.6,101.6,97.3,99.8,96.6,99.7,94.5,100.2,96.6,99.6,96.8,99.7,99.1,99.9,99.1,100,100.3,99.9,100,99.8,98.1,100,96.6,99.8,,,105.88,12.12,20.33,2906999.38,2439604.04,12.5,1.2,8.7,121009.93,665916.09,2995572.97
2024-03,-7.71,-1.9,221130611,279681675,585.78,98.4,-1.213247,88.030197,91.86,50.8,52.7,100.1,99,97.3,96.8,101.5,100.1,98.7,98.6,97.2,99.9,96.5,99.9,94.2,99.2,97.1,100.3,96.4,99.8,99,99.9,98.7,99.6,100.3,100,99.9,100,98.2,100,96.5,99.9,35055.9,39019.9,105.66,12.22,20.97,2955054.17,2470492.81,11,1.1,8.3,117210.5,685808.9,3047952.16
2024-04,1.26,8.4,220101810,292453498,718.79,98.9,-1.273995,88.856403,91.8,50.4,51.7,100.3,100.1,97.3,99,101.6,100.2,100.1,101,97.5,99.8,96.9,99.8,95.2,99,98.1,100.3,96.4,99.6,99.1,99.9,99.2,99.9,100.3,100,100.1,100.3,98.1,99.5,97,99.7,31783.9,35699.1,106.54,12.5,21.78,2915852.23,2477817.72,10.8,-1.4,7.2,117310.55,660065.69,3011941.98
2024-05,7.36,1.8,219725898,302348019,813.96,98.9,-1.294422,89.236887,91.91,49.5,51,100.3,99.9,98,100,101.5,100,99.8,99.2,98.6,100.2,98.4,100.4,98.8,100.2,100.5,100.9,97.4,100.1,99.2,99.9,99.3,99.8,100.4,100.1,100,100,98.2,99.7,98.3,100.3,34937,39211,106.39,13.18,21.38,2932599.27,2487269.61,11.7,-4.2,7,117062.72,646842.47,3018506.73
2024-06,8.42,-2.3,208807983,307854505,990.37,98.5,-1.318443,88.524428,91.99,49.5,50.5,100.2,99.8,97.9,99.4,101.5,100.1,99.7,99.4,99.2,99.8,99.2,99.8,102.7,100.3,101.6,99.5,98,99.9,99.2,99.9,99.8,100.3,100,99.9,99.9,100,97.9,99.3,99.5,100.1,36123.1,40731.6,106.71,12.69,20.03,2957172.45,2508526.52,11.7,-5,6.2,117736.77,660610.52,3050161.54
2024-07,6.93,7.2,215909600,300556525,854.79,98.7,-1.433345,90.292059,92.11,49.4,50.2,100.5,100.5,100,101.2,101.4,100,99.4,100.9,99.2,99.8,99.3,99.7,103.5,100.7,101.8,99.8,97.9,99.6,99,100,99.3,99.8,99.5,100.1,99.7,100.1,98,100.2,99.9,99.9,33354,37757.4,106.42,12.55,19.81,2949199.49,2511136.9,12,-6.6,6.3,118840.46,632296.54,3033060.78
2024-08,8.6,0.5,217625707,308647262,915.53,98.1,-1.43784,89.999726,92.24,49.1,50.1,100.6,100.4,102.8,103.4,101.3,100,97.3,98.9,98.2,99.3,98,99,100.9,98.4,99.2,98.8,97.3,99.1,98.9,100,98.7,100,99.6,99.9,100,100,98.1,100,99.2,99.4,34374.5,38725.8,106.22,12.16,18.98,2971425.35,2520166.54,12.2,-7.1,6.3,119472.57,630238.09,3050461.27
2024-09,2.33,0.3,222001611,303712134,817.57,98.1,-1.329899,89.404427,92.32,49.8,50.4,100.4,100,103.3,100.8,101.2,100,95.9,98.7,97.2,99.4,96.7,99.2,97.5,98.4,96.8,98.8,96.7,99.4,98.7,99.9,98.4,99.8,99.7,100.2,99.7,99.8,97.9,99.8,97.8,99.2,36694.9,41112.3,106.29,14.24,23.68,3008822.65,2536108.31,11.5,-7.4,6.8,121830,628236.54,3094798.24
2024-10,12.64,-2.3,213339605,309058423,957.17,98.9,-1.336746,90.929663,92.41,50.1,50.8,100.3,99.7,102.9,98.8,101.1,100,95.2,99.3,97.1,99.9,96.7,100.1,94.9,99.7,96,99.6,97.1,100.3,98.4,99.6,98.4,99.7,99.6,100,100.1,100.3,96.9,98.9,97.3,99.7,40444.3,45396.4,107.79,13.9,24.14,3014771.89,2541043.57,12.8,-6.1,7.5,122447.04,633357.47,3097092.01
2024-11,6.58,-3.9,214867327,312310466,973.26,98.7,-1.32765,89.891952,92.54,50.3,50.8,100.2,99.4,101,97.3,101.1,100,96.4,99.9,97.5,100.1,97.1,100.1,95.1,99.9,97.1,100.2,97.3,100.1,98.6,100,98.5,99.8,99.7,100,100.2,100.1,97.3,100.2,97.5,99.9,37961.4,43763,107.95,14.08,24.47,3036481.15,2546826.79,12.7,-3.7,7.1,124180.26,650904.16,3119587.27
2024-12,10.67,1,230789126,335627038,1051.76,99,-1.369888,90.529942,92.7,50.1,52.2,100.1,100,99.5,99.4,100.9,99.9,97.8,100.3,97.7,99.9,97.4,100,95.4,99.2,97.8,100.3,97.3,99.9,98.6,99.9,98.6,99.9,99.9,100,100.6,100.2,96.9,99.7,97.7,99.9,39623,45171.5,107.88,14.23,24,3022537.95,2556778.21,13,-1.4,7.3,128194.16,670959.41,3135322.3
2025-01,5.9,-16.5,185971892,324768272,1380.91,98.7,-1.25356,87.201007,93.28,49.1,50.1,100.5,100.7,100.4,101.3,100.7,100,99.4,101.7,97.7,99.8,97.4,99.8,95.1,99.8,98.1,100,97.3,99.7,98.8,100,98.6,99.8,99.9,99.8,100.5,99.9,97.4,100.2,97.7,99.8,,,108.55,13.84,23.61,3065512.47,2607690.85,17.2,0.4,7,142254.48,1124457.45,3185247.18
2025-02,-3.1,1.5,183453706,215172519,312.79,98.6,-1.253603,87.21692,93.74,50.2,51.1,99.3,99.8,96.7,99.5,100.2,100,97.5,99.6,97.8,99.9,97.5,99.8,93.7,98.7,98.5,100.1,97.3,99.8,98.8,100,98.4,99.8,99.8,99.8,100.9,100.1,97.5,100,97.7,99.8,,,107.88,14.07,24.88,3109697.9,2617778.05,9.7,0.1,7,132756.61,1094370.01,3205173.24
2025-03,12.2,-4.3,211269329,313911793,1022.4,99,-1.199521,89.071425,93.91,50.5,51.4,99.9,99.6,98.6,98.6,100.1,100,97.4,98.6,97.5,99.6,97.2,99.6,91.7,97.1,97.6,99.4,97.4,99.9,98.5,99.6,98.6,99.8,99.7,99.9,100.7,99.9,96.6,99,97.6,99.8,36705,40940.5,106.88,14.19,24.78,3152232.44,2654136.68,11.5,1.6,7,130691.86,1134863.1,3260554.57
2025-04,8.1,-0.2,219512228,315692375,959.84,99.1,-1.32661,88.175914,93.81,49,50.2,99.9,100.1,99.8,100.2,100.2,100.2,96.1,99.7,97.3,99.6,96.9,99.5,90.6,97.9,96.4,99,97.7,99.8,98.4,99.8,98.6,99.9,99.9,100.3,100.6,100.2,96.3,99.3,97.3,99.4,33007.1,37174.1,104.45,13.93,24.1108,3147793.38,2656987.42,12,1.5,8,131387.01,1091407.33,3251739.32
2025-05,4.7,-3.4,212880563,316100980,1030.79,98.9,-1.405976,87.19142,93.69,49.5,50.4,99.9,99.8,99.6,99.8,100.3,100.1,95.7,98.8,96.7,99.6,96,99.4,88.1,97.5,94.6,99.1,97.2,99.7,98.6,100,98.6,99.9,100,100.2,100.6,100.1,96.7,100.1,96.4,99.4,36747.6,41325.8,104.21,13.72,24.64,3169624.01,2663212.5,12.1,2.3,7.9,131258.52,1089147.65,3257838.11
2025-06,5.8,1.1,210481474,325232738,1145.97,98.9,-1.412546,88.817859,93.58,49.7,50.7,100.1,99.9,99.7,99.6,100.4,100.1,96.3,100,96.4,99.6,95.6,99.4,86.8,98.8,94.5,99.3,96.8,99.5,98.6,99.9,98,99.7,100.1,100,100.8,100.1,97.3,99.9,95.7,99.3,37579.8,42287.4,103.61,14.13,25.7326,3201739.92,2685590.16,12,4.6,8.3,131827.18,1139494.08,3302868.17
2025-07,7.2,4.1,223539300,321783930,982.45,,-1.484145,87.655869,93.33,49.3,50.2,100,100.4,98.4,99.8,100.5,100.2,96.9,101.5,96.4,99.8,95.7,99.8,86,99.8,94.6,99.9,96.9,99.7,98.4,99.8,98.2,100,99.9,99.9,100.6,99.8,96.5,99.4,95.5,99.7,34276.1,38780.2,103.56,14.66,26.93,3206702.75,2685099.78,11.8,5.6,8.8,132844.8,1110586.92,3299429.06
2025-08,4.4,1.3,219481352,321810157,1023.3,,-1.472553,87.961648,93.05,49.4,50.5,99.6,100,95.7,100.5,100.9,100.3,97.6,99.7,97.1,100,96.8,100.1,88.5,101.3,95.9,100.2,97.8,100,98.3,99.9,98.3,100.1,100,100,100.4,99.8,96.3,99.7,96,100,35171.9,39667.6,,15.72,30.4,3227265.78,2690987.15,,,,133402.29,1112255.7,3319831.44
,,7.4,238117951,328565399,,,,,,,,,,,100.7,,100.2,,99.1,,100,,100,,101.2,,100,,99.9,,99.8,,99.9,,100,,100.2,,99.6,96.9,100.1,37462.4,41971,,,,3249387.56,2703902.22,,,,135813.36,1131455.07,3353771.03
